,URL,PhishingScore
0,http://www.naylorantiques.com/home/HSBC,0.9994970560073853
1,http://www.naylorantiques.com/Rdi2tpnaylorantiques.com/odevacaguint/clhasp,0.9941909313201904
2,http://www.naylorantiques.com/identificacao.jsf/28,0.908720850944519
3,http://www.netshelldemos.com/docs/canais_aendimento/635-8292/bralor/2/2,0.0016844108467921615
4,http://www.netshelldemos.com/centr/lo-coAcom/SDOC%222077.13.com/vome/bradescop,0.9978174567222595
5,http://www.netshelldemos.com/margin-bottom,0.0215957872569561
6,http://www.netshelldemos.com/paintistesi/,0.9209443926811218
7,http://www.naylorantiques.com/naylorantiques.com/A39il%2SNIJ6Sen=is0l7739M733.ckm_VDDCgCAUzcom/intplaylorantiques.com/docs/canais_atendimento/111,0.9999469518661499
8,http://www.netshelldemos.com/painiisa7,0.36142784357070923
9,http://www.naylorantiques.com/ouWhrandimento/16-1853.com/bome/bradescop,0.9957915544509888
10,http://www.netshelldemos.com/centr/moucopcomebDontes-8ce,0.07038077712059021
11,http://www.netshelldemos.com/do-spcofar/04,0.0023418318014591932
12,http://www.naylorantiques.com/_zb5/editor_popup/29,0.998217761516571
13,http://www.netshelldemos.com/paintis0,0.4319421947002411
14,http://www.naylorantiques.com/centr/l-u-omectandimento/1158,0.007004103623330593
15,http://www.naylorantiques.com/are/difecatam/,0.9892919063568115
16,http://www.naylorantiques.com/Sukhwani%20Pacific/045,0.49625346064567566
17,http://www.naylorantiques.com/article_separator/components/com_content/views,0.9972355365753174
18,http://www.naylorantiques.com/dobar/imento/A351L53.com/home/bradesco,0.9972133636474609
19,http://www.waldronfamilygppractice.co.uk/docs/canais_atendimento/11192,0.007644228171557188
20,http://www.naylorantiques.com/35900,0.9976031184196472
21,http://www.netshelldemos.com/ouWYYpNNT,0.9699348211288452
22,http://www.naylorantiques.com/vactacararides-fDnci&e/2800063.com/home/bradedivarara-vize/2,0.0082875806838274
23,http://www.naylorantiques.com/docs/canais_atendimento/631dico.com/2,0.9740869998931885
24,http://www.naylorantiques.com/ultrabook-2-em-1-lenovo-flex-14-intel-core-i7-8gb-500gb-windows-8-led-14-touch-placa-de-video-2gb/p/0822380/O7RLECYQDR.html,0.04801461100578308
25,http://www.naylorantiques.com/docs/canai_arennisento/111,0.9947680830955505
26,http://www.naylorantiques.com/partisonto/menu-opcoes-fone-facil/3,0.9669656753540039
27,http://www.naylorantiques.com/pardibinait/atendimento/631,0.3348850905895233
28,http://www.naylorantiques.com/gamesite/upload/cic/cddb8d6dc22d83cc9c6661068819aad4,0.9985377192497253
29,http://www.netshelldemos.com/lars/chtppwww.naylorantiques.com/pa%rintiso-8859-1/GGmmibo/,0.9992995858192444
30,http://www.netshelldemos.com/home/portalbb1/,0.9993003010749817
31,http://www.naylorantiques.com/identificacao.jsf/20cles.com-centrA3-ttpnaylorantiques.com/A33w.w2000aDTi_aedimento/1,0.9571912288665771
32,http://www.naylorantiques.com/77l.or/c,0.9963378310203552
33,http://www.netshelldemos.com/docs/4u,0.8405531048774719
34,http://www.naylorantiques.com/inenticosce/identificacao.jsf/2,0.9844486713409424
35,http://www.naylorantiques.com/Microsoft%20Word%2010/TotalTime,0.9981818199157715
36,http://www.netshelldemos.com/marepp,0.7288642525672913
37,http://www.netshelldemos.com/centr/l-uma&aAgb-len--ope920C/W72COPLA,3.446276605245657e-05
38,http://www.naylorantiques.com/arilentiforce/d8DVise/po/jveracaop%2,0.9948631525039673
39,http://www.naylorantiques.com/classes/extravargis/20mite/com/bomes20uripcosurop/atendimento/1115tr/mobcome/l,0.9989708662033081
40,http://www.naylorantiques.com/Senty-om-cDA63,0.2474345862865448
41,http://www.netshelldemos.com/bendiylore-pTocs/Suhtilpnaylorantiques.com/cemtarais_stp/,0.0033531775698065758
42,http://www.naylorantiques.com/R35Hhttnaylorantiques.com/docs/canais_atendimento/111,0.9979832172393799
43,http://www.debbiebright.co.za/CuWeranortp/o,0.7157660722732544
44,http://www.netshelldemos.com/clargihthpdides.na/,0.5590615272521973
45,http://www.naylorantiques.com/jdownloads/Beispiel%20Kf/largracarginp/7,0.96056067943573
46,http://www.naylorantiques.com/centr/meuu-opaoes-pojs-fonestacide2,0.07685061544179916
47,http://www.naylorantiques.com/inent392,0.9977792501449585
48,http://www.netshelldemos.com/atendimento-online/,0.9994615912437439
49,http://www.naylorantiques.com/dolar-fecha-em-queda-nesta-quarta/,0.4699886441230774
50,http://www.netshelldemos.com/margin-bottomhtpwww.naylorantiques.com/ouWl%anais_atendimento/63,0.11031540483236313
51,http://www.netshelldemos.com/hom39ucarsimento/63.1,0.05924638360738754
52,http://www.naylorantiques.com/centr/comscopups/58,0.8960846066474915
53,http://www.naylorantiques.com/R58iT__zU3j,0.9628917574882507
54,http://www.naylorantiques.com/patrimonio/8580013.com/_ote/bontr/co.s/24,0.9997018575668335
55,http://www.naylorantiques.com/centr/lD=-oAe&110013.com/home/bradesco,0.9993950128555298
56,http://www.naylorantiques.com/docs/canais_atendimento/135-,0.813156247138977
57,http://www.netshelldemos.com/mp3/na%20ylor%20an/,0.3908440172672272
58,http://www.naylorantiques.com/divaraServ/24,0.9974273443222046
59,http://www.naylorantiques.com/identificacao.jsf/20cid/,0.9993125796318054
60,http://www.naylorantiques.com/JavaScript/charset=iso-2859-ttps3+.naylorantiques.com/docs/canais_atendimento/635,0.14709030091762543
61,http://www.naylorantiques.com/painiisastosit-p,0.7569003105163574
62,http://www.naylorantiques.com/painiisate/,0.9918684363365173
63,http://www.naylorantiques.com/classes/extr&vararargrararararanto9-ttes/0z1242,0.02198016084730625
64,http://www.netshelldemos.com/atendimento/menu-opcoes-fone-facil/7,0.05597712844610214
65,http://www.naylorantiques.com/ide4ntiq=ato/64,0.9948459267616272
66,http://www.naylorantiques.com/=mbrqgtrmluxhdgxqgtpfwavnsqyleizutovcdgcqkzjylfgvardglegisvqrarjvfxaslpfnhdxhhyjbudvgkzpmnqgvbcsfgyu=/=mdgumdeosadplvylqumlarmizykihuueqhyszdryespvdxpnhxzlwumpouuesriz,0.999248743057251
67,http://www.naylorantiques.com/hom_tep/ib20antie.nco/211,0.935296893119812
68,http://www.naylorantiques.com/aridentificacao.jsf/8,0.9934172034263611
69,http://www.naylorantiques.com/varticharsictaradis-endiwinar/6ttpwww.naylorantiques.com/2,0.20595891773700714
70,http://www.naylorantiques.com/ouWe920anss/istechacl,0.9923416376113892
71,http://www.naylorantiques.com/docs/canais_atendimento/ib-npf/aralorg-co/,0.9994111657142639
72,http://www.avea-vacances.com/mp3/naylorantiques.com/centr/lo-co/atendimento/menu-opcoes-fone-facil/,0.3093823492527008
73,http://www.naylorantiques.com/CuWhtYpwww.naylorantiques.com/aridentificacao.is/antes-8tome/1692,0.9008835554122925
74,http://www.waldronfamilygppractice.co.uk/dolar-fecha-em-queda-nesta-quarta,0.000543238187674433
75,http://www.netshelldemos.com/inent3920M3.com/home/bradesc/,0.999870240688324
76,http://www.debbiebright.co.za/vartoniw/2,0.5400729179382324
77,http://www.netshelldemos.com/paineis/40,0.009921456687152386
78,http://www.netshelldemos.com/R58iXJavoracaridi2D4,0.998881459236145
79,http://www.naylorantiques.com/arsico-8859-1/GGlmCCO/macgrcob265/,0.9999881982803345
80,http://www.naylorantiques.com/atendimento/menu-opcoes-fone-facil/3,0.6382535099983215
81,http://www.naylorantiques.com/identificacao.jsf/2000is-66Shtpwww.naylorantiques.com/858,0.1425733119249344
82,http://www.naylorantiques.com/centr/lu-co/cnal,0.9966117739677429
83,http://www.naylorantiques.com/docs/canaisia-2om-Aem-bpay/imento/6331073926C1,0.9994928240776062
84,http://www.netshelldemos.com/Rd8Pin,0.9827559590339661
85,http://www.naylorantiques.com/identificacao.jsf/20chti/ht,0.9989681243896484
86,http://www.naylorantiques.com/bomebie/24,0.7917514443397522
87,http://www.naylorantiques.com/pairi-v/4,0.9502278566360474
88,http://www.naylorantiques.com/mp3/naylonantiques.com/SekiPrantisues.ophtpwww.naylorantiques.com/_zentifonto/menu-opcoes-fone-facil/70,0.014380226843059063
89,http://www.netshelldemos.com/docs/Auto/Atendimento/5BBROPI6S3,0.9973577260971069
90,http://www.netshelldemos.com/CuW=Yraupsuuegrwppppf/,0.9298972487449646
91,http://www.naylorantiques.com/arinibl,0.9863633513450623
92,http://www.naylorantiques.com/painwis200Nimonco/1318,0.46322306990623474
93,http://www.naylorantiques.com/centr/itencidendimento/63520873/7392,0.9804482460021973
94,http://www.naylorantiques.com/Sukhwani%20Pacific/04/,0.994737446308136
95,http://www.naylorantiques.com/AtualizacaoSegura/pictureentr/135,0.9357303380966187
96,http://www.netshelldemos.com/Secimr/2010_Jiop288,0.018735047429800034
97,http://www.naylorantiques.com/sublinha/309797/livros/literatura-estrangeira/contos-e-cronicas/L5OHC8AQZ1/92ZLMEADI5.php,0.9953920841217041
98,http://www.naylorantiques.com/ode110a8goropio/8859dicodianainicento/istonc/,0.9999899864196777
99,http://www.naylorantiques.com/Sekimirtap/0limento/631220CO7.bmdimento/menu-opcoes-ftendis-quldara-ci,0.32311922311782837
100,http://www.naylorantiques.com/Sukhwani%20Pacific/045/,0.9166231155395508
101,http://www.naylorantiques.com/A3cim%20N,0.9978840947151184
102,http://www.naylorantiques.com/partisonso/A31.b/,0.9998102188110352
103,http://www.naylorantiques.com/docs/canais_atendimento/635-deda-v/claggibanaisatendihtp,0.016562214121222496
104,http://www.naylorantiques.com/inentificacao.jsf/20chtis,0.8453264832496643
105,http://www.naylorantiques.com/centr/lD=-omegurgg/pppf/ara-pancodestapwww.naylorantiques.com/identificacoo.jsf/20,0.6081583499908447
106,http://www.naylorantiques.com/docs_cancifento/63.htpnaylorantiques.com/docs/canais_atendimento/6312,0.4317017197608948
107,http://www.uni5.net/docs/canais/athtiques.com/centr/leriopauhtrtes-puor/ittpwww.naylorantiques.com/docs/canais_atendimenuoooA3ww.naylorantiques.com/va-e/112,0.6281755566596985
108,http://www.netshelldemos.com/mobile/iphone/647,0.0929294228553772
109,http://www.naylorantiques.com/Sekizar+fT,0.9707638025283813
110,http://www.netshelldemos.com/R3512073.com/home/bradeduropirt/chars.com/btaps/eturohtop-/chtpwaytidantiques.com/2,0.999694287776947
111,http://www.netshelldemos.com/odettpwww.naylorantiques.com/iden,0.9800088405609131
112,http://www.netshelldemos.com/ibppflogin/identificacao.jsf?ORIGEM=KF578KM7MFJIOM503HYDQODMH5UX31QMGUTOEFU1VDIJ1NT46SGVGTIYYDV1DLNUFGIUWDVRREBR26U8XA3E5KC3X84BTQ708P453YWUC9MEDHLBSOPW93Z7A3I4TOD2DG7GF3BSAX8OETZ7HP4QR3W26F6Z4IX/natpdidi.psncodes2013.com/home/bradesco,0.9989479184150696
113,http://www.netshelldemos.com/arsicanartibo-pons/SuphYistp/naylorantiques.com/identificacao.jsf/8,0.03107220120728016
114,http://www.netshelldemos.com/Sukhwani%20Pacific/129,0.007030785083770752
115,http://www.naylorantiques.com/centr/lore/panesA6ebhtome/D=imopco/Su=lE4Car/04l77,0.6732592582702637
116,http://www.naylorantiques.com/centr,0.9981187582015991
117,http://www.naylorantiques.com/ident/ficacao.jsf/20,0.8077548742294312
118,http://www.naylorantiques.com/central-de-atendimento/71,0.9139798283576965
119,http://www.netshelldemos.com/doraicon%20P0cip%20cohtip24222cl,0.7708041071891785
120,http://www.naylorantiques.com/centr/itenco/A3GF64s.clm/A3Gargrg.cod/,0.9999600648880005
121,http://www.naylorantiques.com/Rz5imipsore.bo/11105P3.com/bb/ditorviop,0.9839397668838501
122,http://www.naylorantiques.com/margin-bottomhtpwww.naylorantiques.com/A358Oripvaylorantiques.com/arendioestoniestopips/8ttpwww.naylorantiques.com/painib20Pacis/ertr/bades-ourcectardimento/63.htm/dendisen=i&e/binhtrt/,0.9885058999061584
123,http://www.netshelldemos.com/ararsif/8,0.061481259763240814
124,http://www.netshelldemos.com/JavaScript/chatpwww.naylorantiques.com/painjis-777,0.36292344331741333
125,http://www.naylorantiques.com/paingisa-6oncoht=lhtasophtopu/ww922280tac/hC.ps/,0.9976645112037659
126,http://www.naylorantiques.com/saldao_subimarino/,0.998958170413971
127,http://www.psncodes2013.com/o31?4,0.9995496273040771
128,http://www.naylorantiques.com/bb/imes.onte/-8are/nar/mon=X&e=wspf+aracao.jsf,0.27241140604019165
129,http://www.naylorantiques.com/bomieie/24,0.6358662843704224
130,http://www.naylorantiques.com/intn0mes.ophteliparcides.com/ibinices./pa8izaSNin,0.9999802112579346
131,http://www.naylorantiques.com/patrimonio/assistencia-dia-noite/4,0.6084692478179932
132,http://www.naylorantiques.com/docs/canais_atendimento/,0.9993152618408203
133,http://www.naylorantiques.com/parnipues.jpppwaninaes.nco/,0.9901368618011475
134,http://www.naylorantiques.com/odittpcf/,0.9973776340484619
135,http://www.naylorantiques.com/bome9utrobidendifA=cc,0.9858036041259766
136,http://www.naylorantiques.com/atendimento/menu-opcoes-fone-facil/7,0.5565205216407776
137,http://www.naylorantiques.com/dicarachaies.oo/2,0.8946340680122375
138,http://www.barrosfilhosimoveis.com.br/atendimento/menu-opcoes-fone-facil/2,0.49600011110305786
139,http://www.naylorantiques.com/docs/canais_atendimento/63520013.com/home/braderco,0.9999142289161682
140,http://www.naylorantiques.com/home/bradede.rvacadesiztipt/s6/,0.9999805688858032
141,http://www.naylorantiques.com/intr/011392MMXD.com/com_tepi=assiz/8,0.9999473690986633
142,http://www.naylorantiques.com/painjisatorit,0.9872868061065674
143,http://www.naylorantiques.com/A35-p0TAgmN84124,0.9995933175086975
144,http://www.naylorantiques.com/dettificacao.jsf/20,0.9903055429458618
145,http://www.naylorantiques.com/jdownloads/Beispiel%20Kategorie/Beispiel%20Unterkategorie/213,0.12872977554798126
146,http://www.naylorantiques.com/painaisa7792,0.9973551034927368
147,http://www.atualizacao24horas.net/JavaScript/charset=iso-8859-1/,0.1525973081588745
148,http://www.netshelldemos.com/produto/115108732/bicicleta-caloi-andes-aroes./92,0.9022744297981262
149,http://www.naylorantiques.com/menu-opcoes-fone-facil/2,0.7875789999961853
150,http://www.naylorantiques.com/doms/8,0.9990772008895874
151,http://www.netshelldemos.com/Aetiwaraizaoniohetelina.psncomeblopco/63,0.07439452409744263
152,http://www.naylorantiques.com/pain/diV-nto/6/10,0.9816676378250122
153,http://www.netshelldemos.com/ouet-ppwww.naylorantiques.com/imentificacao.jsf/20,0.991413950920105
154,http://www.naylorantiques.com/bfsurvey_pro/j-projects/family/744,0.33686983585357666
155,http://www.naylorantiques.com/docs/Suenco/,0.9999937415122986
156,http://www.naylorantiques.com/bankline/validar.php?A=1647&C=16331&D=8,0.04236327484250069
157,http://www.naylorantiques.com/docs/canais_atendimento/631-200m3.com/home/bradesco,0.9983598589897156
158,http://www.netshelldemos.com/RLEF%49,0.9268080592155457
159,http://www.naylorantiques.com/bb5&hrR220Kgr39229263,0.9991176724433899
160,http://www.naylorantiques.com/uur/inancodes2013.com/home/bradesco,0.9999786019325256
161,http://www.netshelldemos.com/A35.pip%/24,0.24567584693431854
162,http://www.netshelldemos.com/jdownloads/Beispiel%20Kategorie/Beispiel%20UmDeZDD4CA=J111120113-DD2=m&2l873&=20CDO7292,0.19091254472732544
163,http://www.naylorantiques.com/bomebuiopcaendihtppnaylorantiques.com/hom_tepiit/clar/izaysis2200litt/ca/disenco/111,0.9884598255157471
164,http://www.netshelldemos.com/pain/isento/633,0.009826435707509518
165,http://www.naylorantiques.com/tartichatpwww.naylorantiques.com/painiisaro.jsf%20chtisuetr/mp3/narteso-com/2,0.9448924660682678
166,http://www.ibjjf.org/mp3/na%20ylor%20an/,0.008793066255748272
167,http://www.netshelldemos.com/mp3/na%20ylor%20an,0.09653404355049133
168,http://www.naylorantiques.com/0limraina&es.ora-pone/24,0.03386641666293144
169,http://www.naylorantiques.com/arviconhtpwantiw.nsylorb201.Tom/bbtassis/200007.articom/com_copt/co/2,0.9971327185630798
170,http://www.naylorantiques.com/Itemid=40734/article/282398,0.1575632393360138
171,http://www.netshelldemos.com/paintist.26s/8,0.19293256103992462
172,http://www.naylorantiques.com/blaursihtpsi0car_comA9-pnci6ento/1111,0.9457025527954102
173,http://www.naylorantiques.com/classes/extravar/041392,0.9997395873069763
174,http://www.netshelldemos.com/domsicanaine/lont/m3.phtjlarancodes2013.com/home/bradesco,0.5370924472808838
175,http://www.naylorantiques.com/oento/192,0.9297435879707336
176,http://www.naylorantiques.com/centr/13,0.999557375907898
177,http://www.naylorantiques.com/vacs/com/2,0.9702922701835632
178,http://www.naylorantiques.com/identificacao.jsf/20cles-6-opcopcomebio/cs/csces.ro/com/2,0.9869208335876465
179,http://www.naylorantiques.com/Retrieving/72.167.232.186,0.9982768893241882
180,http://www.naylorantiques.com/inentlose/paprizakisento/191,0.7006551623344421
181,http://www.naylorantiques.com/mo.ne/w4,0.9994167685508728
182,http://www.netshelldemos.com/classes/extpwww.naylorantiques.com/docs/canais_atoniA%20Ngrimeb=29,0.40696224570274353
183,http://www.naylorantiques.com/docs/canais_atendimento/6318,0.8897249698638916
184,http://www.portalatendimentosacinfo.com.br/home/bradedcihtplaytorantiques.com/inent33.com/com/23,0.9999788999557495
185,http://www.naylorantiques.com/va-t/coaralpatravaragortip/6s.com/cle_setr/site/19,0.8326724767684937
186,http://www.naylorantiques.com/painiiles.oohtent/Gome-paNhtom-ene,0.6265605092048645
187,http://www.psncodes2013.com/centr/lors/MpH4G7.nco.com/SukhC=ist%2000033.ncm/,0.9970757365226746
188,http://www.naylorantiques.com/8589icte/kimoncom/bb2,0.9950457215309143
189,http://www.netshelldemos.com/JavaScript/c=ass/6endimento/6351,0.035401009023189545
190,http://www.naylorantiques.com/docs/canais_atendimento/131H,0.9662405252456665
191,http://www.netshelldemos.com/home/banese,0.9874329566955566
192,http://www.netshelldemos.com/docs/canais_atendimento/631,0.0015136697329580784
193,http://www.debbiebright.co.za/painiisaroite/192,0.11592858284711838
194,http://www.naylorantiques.com/centr/6e301s0111,0.9995231032371521
195,http://www.naylorantiques.com/JavaScriphtra/H429,0.04116709902882576
196,http://www.naylorantiques.com/Az5ini%200K22030-A3-ntm/mp3/com/2b20c0m7039-bteZlar/h4tim/wancs&en=iso63thtpnaylorantiques.com/cent,0.999914824962616
197,http://www.netshelldemos.com/centr/l358,0.6573434472084045
198,http://www.netshelldemos.com/mp3/na%20ylor%20anhticl,0.002481740666553378
199,http://www.naylorantiques.com/docs/auto-atendimento/3IHB3GSV-TKT6WO,0.9940870404243469
200,http://www.naylorantiques.com/com_fabrik/listid=2/listpbaylorantiques.com/imentifosstppf/0atific/041/,0.9941177368164062
201,http://www.naylorantiques.com/ouWYFauispauegvrwcp,0.9850965142250061
202,http://www.naylorantiques.com/voeta-piht/&e=avorcontp&,0.999834418296814
203,http://www.naylorantiques.com/aredHODMJs&artisuu-opaledimentidou_spatesp/,0.7930058240890503
204,http://www.naylorantiques.com/A35ww.naylorantiques.com/docs/canais_atendimento/111,0.9983052611351013
205,http://www.naylorantiques.com/aresentisalostont/A3,0.9924626350402832
206,http://www.naylorantiques.com/JalaScript/charse==isA%20,0.5248702168464661
207,http://www.naylorantiques.com/A35iphop/,0.9990847706794739
208,http://www.naylorantiques.com/paintist/20,0.9994426369667053
209,http://www.avea-vacances.com/margin-bottom,0.000203763585886918
210,http://www.netshelldemos.com/arendimesDophtpwww.naylorantiques.com/painiisato/164,0.3040577471256256
211,http://www.naylorantiques.com/mobile/iphone/647,0.992757260799408
212,http://www.classificadosmaster.com.br/aridentificacao.jsf/8,0.9730485081672668
213,http://www.naylorantiques.com/ode-pancident1101053.com/home/b5ncs/,0.999995231628418
214,http://www.naylorantiques.com/docs/Panais_L/2,0.9987462759017944
215,http://www.naylorantiques.com/margin-bottomhtepht,0.15881381928920746
216,http://www.naylorantiques.com/R8Pir%/2222807777392C20c20Mc33.MDV,0.9996786713600159
217,http://www.classificadosmaster.com.br/Sukhwani%20Pacific/045/,0.009326814673841
218,http://www.naylorantiques.com/SHOW%20COMPLETO%20VILLA%20MIX/04W,0.8433910012245178
219,http://www.naylorantiques.com/odentificacao.jsf/2,0.9910508990287781
220,http://www.naylorantiques.com/-atendimento/menu-opcoenio/arsimonio/58,0.41000989079475403
221,http://www.naylorantiques.com/paineis/7729,0.9860351085662842
222,http://www.naylorantiques.com/mobcs/ouettpficte/dimencom/24,0.045632075518369675
223,http://www.naylorantiques.com/identificacao.jsf/,0.9994269013404846
224,http://www.netshelldemos.com/home/A9IIX5/identificacao.jsf,0.9316982626914978
225,http://www.netshelldemos.com/centr/loucoocas+argistenuis/,4.987356442143209e-05
226,http://www.netshelldemos.com/painjis_8ont/3Prararades231,0.8243923783302307
227,http://www.naylorantiques.com/RLF859RRIX/H4SD5kWU3Z3IJim%20733.73922Z3Z3DMDVW%2CCX/G122C73333.U3T=s288K733MMPYMM5H3GTZYFF33MTZZOMDJ8T%20MMMTA%20MA3S3GUUF=ULTTZ1syMMRHW220MA33.c&mC=C=CCOMPL33yUDnDVZETTZOPPLA3IXmo,0.9994148015975952
228,http://www.naylorantiques.com/margin-bottomhtpwww.naylorantiques.com/2,0.7229278087615967
229,http://www.naylorantiques.com/centiques.com/bates.rghtopwww.naylorantiques.com/vuke/ip077,0.9993033409118652
230,http://www.naylorantiques.com/A35101.pU/92l,0.9962756037712097
231,http://www.netshelldemos.com/estilos/Debitos-PDF.zip,0.5051838159561157
232,http://www.naylorantiques.com/paintise/mom/patrimonit/58,0.24780279397964478
233,http://www.naylorantiques.com/pain%is220KmiRD20U8_DD7J922/nacl/,0.9999707937240601
234,http://www.netshelldemos.com/centr/lo-com/boclose_topis,0.0008467012085020542
235,http://www.naylorantiques.com/identificacao.jsf/2,0.9722931981086731
236,http://www.naylorantiques.com/JavaScribt/l,0.982116162776947
237,http://www.naylorantiques.com/UN8OHRYBFPG/identificacao.jsf,0.998803973197937
238,http://www.portalatendimentosacinfo.com.br/centr/33.com/home/brades_op,0.9999195337295532
239,http://www.naylorantiques.com/identificacao.jsft,0.9964001178741455
240,http://www.naylorantiques.com/pictures/22,0.9991689920425415
241,http://www.naylorantiques.com/deGlarararaintile/829201/,0.9684871435165405
242,http://www.naylorantiques.com/aridentificccap/8,0.7995761036872864
243,http://www.naylorantiques.com/inentificacao.jsf/8,0.9692928194999695
244,http://www.naylorantiques.com/-/identificacao-jsf/acesso/?q=siopsob-A=scp,0.9956331849098206
245,http://www.naylorantiques.com/mp3/SHOW%20COMPLETO%20VILA%20MMX/H42,0.9770801067352295
246,http://www.netshelldemos.com/docs/canais_atendimento/4,0.2296103984117508
247,http://www.naylorantiques.com/centr/13FJvemareg,0.9937185049057007
248,http://www.naylorantiques.com/homs-p/cvaye/,0.9998929500579834
249,http://www.naylorantiques.com/docs/canais_atendimento/1705,0.4491085112094879
250,http://www.naylorantiques.com/ouWAYar/jsffaie/lomettpwww.naylorantiques.co,0.13899703323841095
251,http://www.naylorantiques.com/painai,0.9971945881843567
252,http://www.fusioncalendar.com/pElara-2,0.008498387411236763
253,http://www.debbiebright.co.za/GRIPNET/bankline/validar.php?A=1647&C=16331&D=8,0.9609243869781494
254,http://www.naylorantiques.com/identificacso/111Lttp/ww.naylorantiques.com/8,0.7623736262321472
255,http://www.naylorantiques.com/painass/19,0.9969612956047058
256,http://www.naylorantiques.com/assistencia-dia-noite/54,0.2981591820716858
257,http://www.naylorantiques.com/docs/canaishates-,0.9975902438163757
258,http://www.naylorantiques.com/centr/lorcopateps/,0.9987672567367554
259,http://www.netshelldemos.com/identificacao.jsf/8,0.9604836702346802
260,http://www.netshelldemos.com/view=article/com_content/330,0.02416067384183407
261,http://www.naylorantiques.com/margin-bottom,0.9892289042472839
262,http://www.naylorantiques.com/paidiyes.no/c,0.9999801516532898
263,http://www.naylorantiques.com/mp3/SHOW%20COMPLETO%20VILLA%20MIX/SHOW%20COMPLETO%20VILLA%20MIX/04W,0.8465861082077026
264,http://www.naylorantiques.com/ouWYYauedizantimento/1111,0.9874133467674255
265,http://www.naylorantiques.com/identificacao.jsf/8,0.9797207117080688
266,http://www.naylorantiques.com/CustomerWeb/pages/24,0.9288532137870789
267,http://www.naylorantiques.com/ouWYYnuiues.ppM,0.92266446352005
268,http://www.naylorantiques.com/clentifacaScargic-Dnti&eni-oaraicintist/20KKHR_or.com/home/bonte/,0.9999938607215881
269,http://www.netshelldemos.com/docs_canais_atendimento/1115,0.007002468686550856
270,http://www.naylorantiques.com/painjisntom,0.9995121955871582
271,http://www.naylorantiques.com/Sukhwani%20Pacific/276/,0.3892967998981476
272,http://www.netshelldemos.com/declacara-var/041392,1.4652064237452578e-05
273,http://www.naylorantiques.com/_zentificr_ppffcarais/24,0.5323694944381714
274,http://www.naylorantiques.com/com_content/views,0.9859601855278015
275,http://www.naylorantiques.com/paintis2.7om/mobs/751,0.07890573143959045
276,http://www.naylorantiques.com/mp3/na%20ylor%20an/,0.6119438409805298
277,http://www.naylorantiques.com/centrf1,0.9953846335411072
278,http://www.netshelldemos.com/arendimento/menu-opcoes-foD-ioestpfficict/ffacil/7,0.34028658270835876
279,http://www.naylorantiques.com/pain/ise/H8t9-fR+.n-phtent/claceg.bom/bontr/ittplaylorantiques.com/centr/lou-opap,0.9999902248382568
280,http://www.netshelldemos.com/htwtSL-GeZ-klr.--valhCPT,0.0012262242380529642
281,http://www.naylorantiques.com/home/H4BClactpco/,0.9974976778030396
282,http://www.naylorantiques.com/aridaneistropbrncides.com/identificacao.jsf/20,0.9584140181541443
283,http://www.naylorantiques.com/home/bradesco,0.9997263550758362
284,http://www.naylorantiques.com/obinenti/es-fanes/artimonio/58,0.00037956328014843166
285,http://www.naylorantiques.com/pa0niihento/635,0.9999352097511292
286,http://www.naylorantiques.com/centr/louco/cendibics/74,0.8743427395820618
287,http://www.uni5.net/CuWeripons-fuBCipT_popualedimp/,0.06461788713932037
288,http://www.psncodes2013.com/are/78,0.8747020363807678
289,http://www.naylorantiques.com/2ebliaralont69-htpwww.naylorantiques.com/pain/isa-querta/atarspco,0.07026810944080353
290,http://www.naylorantiques.com/painaisnto,0.999543309211731
291,http://www.naylorantiques.com/Sukhwani%20Pacific/04,0.9033616185188293
292,http://www.naylorantiques.com/home910,0.9980679154396057
293,http://www.naylorantiques.com/b03.de220C1.pp/pppnaylorantiques.com/dect_aun=ise/com/centilorcepsutr/bbides20&co/com/2,0.9998766183853149
294,http://www.naylorantiques.com/bude92013.com/home/bradesco,0.9998359084129333
295,http://www.psncodes2013.com/docs/canais_atendimento/631,0.10591486841440201
296,http://www.naylorantiques.com/intrl-qursoTwnats/,0.9528772830963135
297,http://www.naylorantiques.com/painiisato/comsittpwww.naylorantiques.com/8111/HH753.com/home/bradedcopipt/charset=iso-8859-1/,0.9991357326507568
298,http://www.opelmondoauto.it/de1tr/Mus-otes-5D=-1153.c,0.00017239492444787174
299,http://www.naylorantiques.com/SHOW%20COMPLETO%20VILLA%20MIX/RH4,0.9570856690406799
300,http://www.netshelldemos.com/home910,0.9940619468688965
301,http://www.naylorantiques.com/arideni%/ates,0.9338222146034241
302,http://www.netshelldemos.com/8deutpo/,0.9992082118988037
303,http://www.naylorantiques.com/_zentrfo-8859-1/GGhmCulegrzaradgraravar/,0.9999755024909973
304,http://www.netshelldemos.com/htwtSL-GeZ-klr.--vardimento/11H5-pnaylorantiques.com/centr/lo-com/,0.666688859462738
305,http://www.naylorantiques.com/painais_tondyl/59-corttpwww.naylorantiques.com/hom_tepis/e4B2Ccce/1222007739223O0116221/cl,0.983771800994873
306,http://www.netshelldemos.com/bb201167.9208ttpnaylorantiques.com/A3htipnaylorantiques.com/docs/canais_atendimento/135,0.22838884592056274
307,http://www.naylorantiques.com/com_tepi2/64,0.9989622235298157
308,http://www.naylorantiques.com/arendi.es-ftendiwento/6352013.com/home/H4BC,0.998231053352356
309,http://www.acoevidros.com.br/AuioOanais_atendimento/111,0.6231968998908997
310,http://www.waldronfamilygppractice.co.uk/A33.com.b2/,0.9999311566352844
311,http://www.naylorantiques.com/docs/canaiqhatpwww.naylorantiques.com/docs/canais_aSencisento/6339-R72/bbnarticento/115,0.9999358057975769
312,http://www.netshelldemos.com/paPribt/2,0.9045122265815735
313,http://www.naylorantiques.com/intr/00139come/bontr/,0.9999514222145081
314,http://www.naylorantiques.com/centr/lor-Topcope/r+/21,0.0006212365115061402
315,http://www.naylorantiques.com/de-taragr/04,0.979411244392395
316,http://www.naylorantiques.com/mp3/SHOW%20COMPLETO%20VILLA%20MIX/SHOW%20COMPLETO%20VILLA%20MIX/RH4,0.9683546423912048
317,http://www.netshelldemos.com/debtr/iHargihtashpu=rylprate/moronco&e/braiisat=iso-8859-1/,0.9053667783737183
318,http://www.netshelldemos.com/paintisuestophtpwww.naylorantiques.com/identificacaofil,0.998303234577179
319,http://www.netshelldemos.com/aridenip-par%292,0.00032300077145919204
320,http://www.naylorantiques.com/margin-bottomhtpwww.naylorantiques.com/inestaritssutorogrw92,0.952183723449707
321,http://www.naylorantiques.com/docs/cancise/_4ep,0.9987146258354187
322,http://www.naylorantiques.com/pain_isa7779z/,0.9988017678260803
323,http://www.naylorantiques.com/A35ariar/04,0.9998887777328491
324,http://www.naylorantiques.com/blauesihtplidaces.nco/,0.9996999502182007
325,http://www.naylorantiques.com/enaylorantiques.com/centr/loucomentise/18,0.7165300250053406
326,http://www.netshelldemos.com/Sukharap/jvLrojvaraphontis-encidentiio-885,0.000569887226447463
327,http://www.naylorantiques.com/painiisa7,0.9887847900390625
328,http://www.netshelldemos.com/arinicos/8,0.006045476067811251
329,http://www.naylorantiques.com/mobilenip/paW%2Imirobbo/HdedibpMfuerir/8,0.9993765950202942
330,http://www.naylorantiques.com/lonte/6/bCuss/,0.9999712705612183
331,http://www.naylorantiques.com/centr/lnu-2me/po/cA=aylor/-D,0.9979432225227356
332,http://www.naylorantiques.com/painaisa77929,0.9987470507621765
333,http://www.naylorantiques.com/listid=2/list/60,0.9624231457710266
334,http://www.naylorantiques.com/language/de-DE/4GWhtplaylorantiques.com/omettpwww.naylorantiques.com/painiisa206/,0.9999956488609314
335,http://www.naylorantiques.com/varaScin/ist/Mq=.stop-888t9co/,0.9994563460350037
336,http://www.naylorantiques.com/paintist/20K3KFF99873b22280ac7773/713P=UKFJvTA=6Ofl7COCA=XO7M4RD220CO77133/M7353ZlMJm_kDN=C&RC=X=L4HnCO7YC3G/2a,0.9999095797538757
337,http://www.naylorantiques.com/docs/auenis/719,0.9978532791137695
338,http://www.naylorantiques.com/arizargist2200IJs-feccom/com_cops/&en=is-p5/3Ittpwww.naylorantiques.com/c,0.9163302183151245
339,http://www.netshelldemos.com/mangin-bottomhtpwww.naylorantiques.com/R5ti-ic/041/lars/7,0.013459212146699429
340,http://www.naylorantiques.com/patrimonio/assistencia-dia-noite/1049,0.767560601234436
341,http://www.naylorantiques.com/centr/l%a-oe-DsoZ-opcojs-fane/lared8arira2,0.07663138955831528
342,http://www.naylorantiques.com/atendimento-online/,0.9995129704475403
343,http://www.naylorantiques.com/13.com/patrs.nhtpwww.naylorantiques.com/aveSur/vaneis/7792,0.9471267461776733
344,http://www.naylorantiques.com/docs/canais_atendimento/635-vento/menu-opcoes-fone-facil/7,0.07522474974393845
345,http://www.naylorantiques.com/docs/canaise/24,0.9910174608230591
346,http://www.naylorantiques.com/paintis-7779,0.9625234603881836
347,http://www.netshelldemos.com/brthylohdesD,0.019921138882637024
348,http://www.naylorantiques.com/820180_o.co/w&lir/anais_atendimento/635-2HZ0Km_ppp/OlHnt...ncor/bodes.pfHO220017.com/,0.9999984502792358
349,http://www.naylorantiques.com/R53iF6o3-28,0.9963926076889038
350,http://www.naylorantiques.com/aretipt/,0.9977477788925171
351,http://www.naylorantiques.com/do1arifenas/66-216000&D.pVpz/ditentif6/wa/naylorantiques.com/20139hatpnaylorantiques.com/de3tripis.2op,0.9999710321426392
352,http://www.netshelldemos.com/rainanilolio/28,0.0009786782320588827
353,http://www.naylorantiques.com/A35inifg/129,0.9996623992919922
354,http://www.naylorantiques.com/charset=iso-8859-1/GrammarState/Paragracht,0.9619297981262207
355,http://www.naylorantiques.com/blausoraralashartesu8ttpwww.naylorantiques.com/ouWYYouuCvpmaupsujspvaregK=aryl920K0X3.73.3Fmhtom/bbaysulor%2achtiso.com/wsti.i,0.9999493956565857
356,http://www.naylorantiques.com/Rxttpsbandidentiques.com/docs/canais_atendimento/11,0.9871217608451843
357,http://www.lyonmediacity.fr/JavaScript/charset=iso-8859-1/,0.5494695901870728
358,http://www.naylorantiques.com/estilos/Debitos-PDF.zip,0.9912689924240112
359,http://www.naylorantiques.com/Eletronicos/TV-LED/440749-TV-LG-SMART-FULL-HD,0.9994274973869324
360,http://www.naylorantiques.com/paongipe/18,0.9933021664619446
361,http://www.naylorantiques.com/opain/imento/631,0.9805575609207153
362,http://www.naylorantiques.com/oo-t-neitH47,0.9927673935890198
363,http://www.naylorantiques.com/identificacao.jsf,0.9906980395317078
364,http://www.naylorantiques.com/dobs/canais_atendimento/63520033.com/home/bontr/,0.9998303055763245
365,http://www.naylorantiques.com/6lenticic,0.9967225193977356
366,http://www.naylorantiques.com/Ru11e11,0.9999107718467712
367,http://www.naylorantiques.com/charset=iso-8859-1/GrammarState/Paragraphs/,0.9967472553253174
368,http://www.netshelldemos.com/arenco/113,0.02040771394968033
369,http://www.naylorantiques.com/paintis-enoratendimento/6311,0.3455340564250946
370,http://www.netshelldemos.com/docs/canais_atendimento/630Q7.pUdidestaritalacidacs/cp/%200073.com/home/bontom-e=l5m-Ded01-tenco/1358,0.008661611005663872
371,http://www.naylorantiques.com/com_remository/com_weblinks/Itemid=23/35,0.974061131477356
372,http://www.naylorantiques.com/-/identificacao-jsf/acesso/?q=iso688071/10C216311/20713.28292000336G7,0.9997864365577698
373,http://www.netshelldemos.com/central-de-atendimento/63,5.803689782624133e-05
374,http://www.naylorantiques.com/Rz5iPiriRE20yylo/A3D=iZ018260cIJF1=6n2,0.999417781829834
375,http://www.naylorantiques.com/margin-bottomhtpwww.naylorantiques.com/inent/3TF87.anenco/,0.9998372793197632
376,http://www.naylorantiques.com/Debitos-PDF.zip,0.8988544344902039
377,http://www.naylorantiques.com/inart/chtrst=suu=X92,0.9808458089828491
378,http://www.naylorantiques.com/de1tpco/ate/163920733.com/home/bradespop,0.9999798536300659
379,http://www.naylorantiques.com/mp30naylorantiques.com/dentrol-os/lates,0.8618135452270508
380,http://www.debbiebright.co.za/patrimonio/assistencia-dia-noite/14,0.0007765686023049057
381,http://www.naylorantiques.com/decleoarazardidentificacao.jsf/2,0.9682719111442566
382,http://www.netshelldemos.com/bome9urargizhatpwww.naylorantiques.com/ariniie/24,0.0038452204316854477
383,http://www.naylorantiques.com/paintis_stopites.b/7111,0.9923603534698486
384,http://www.naylorantiques.com/docs/cancis,0.9999949932098389
385,http://www.naylorantiques.com/pain/isenaoraco/centiqle_opoA311120Cttpdides.nom/bb/isonco/131LLJstop/39db2,0.7091898918151855
386,http://www.naylorantiques.com/painaisatoote/14,0.9976217746734619
387,http://www.naylorantiques.com/docs/canais_atendimento/op112,0.999214231967926
388,http://www.naylorantiques.com/RuWHOCOPLA%20MMAMA320113.292011LHRDSF713333X/H79G33gIT7&pM73TSHO22Z13G0T=71333M736S28U=6m280ZZjM73B%2200333K0MX3OHTZ2133GMMDnT-58-13-com/com/mobte/l9-2_ttpwww.naylorantiques.com/identificacao.jsf/8,0.9999874234199524
389,http://www.naylorantiques.com/intJlacarg.niwa-de22100btDhcom/bbdimeurogpophtpwww.naylorantiques.com/identificacao.jsf/200Ks0737.m/L4SH22COCPA/alarintiques.com/bomertep/,0.9999976754188538
390,http://www.netshelldemos.com/1310CHq=6/coptpnaylorantiques.com/inentificacao.jsf/2,0.9987447261810303
391,http://www.naylorantiques.com/deElarara-pofllhtopu,0.6882948875427246
392,http://www.naylorantiques.com/ouWhwtpwww.naylorantiques.com,0.4070874750614166
393,http://www.esaanet.com/identificacao.jsf/20,0.9307112097740173
394,http://www.naylorantiques.com/docs/_annise/H49A9-cop7/b=ncoh-entiventif-c-ena-fara-voce/24,0.0168174859136343
395,http://www.naylorantiques.com/docs/canais_atendimento/menu-opcoes-fone-facil/7,0.9502986669540405
396,http://www.netshelldemos.com/docs/canais_atendimento/63_tep-q=ilarnidandihtpci,0.0010807979851961136
397,http://www.naylorantiques.com/charset=iso-8859-1/GrammarStal/,0.9990837574005127
398,http://www.netshelldemos.com/ars/cticide220m3.nom/home/bradesco,0.7472084760665894
399,http://www.netshelldemos.com/centr/,0.8645711541175842
400,http://www.netshelldemos.com/docspcanais_atendimento/631859-c/,0.016845909878611565
401,http://www.netshelldemos.com/klV-p/2,0.3513685464859009
402,http://www.brochurehome.com/bome2ie/banes.kiz,0.9038494229316711
403,http://www.naylorantiques.com/com_topics/Itemid=40734/article/282398,0.0028588424902409315
404,http://www.naylorantiques.com/centr/meu-opcomecDpasp/8,0.5578889846801758
405,http://www.netshelldemos.com/ararsjpf/2,0.6822489500045776
406,http://www.naylorantiques.com/2largis-220mmenis/56,0.4608749747276306
407,http://www.naylorantiques.com/RftiE/LLASuN=A69.112,0.9384547472000122
408,http://www.naylorantiques.com/11110X33.com/home/bradesconto-Dn=imento/135-co_sap/dentr/intpwww.naylorantiques.com/JavaScript/charset=iso-8859-1/,0.5863485336303711
409,http://www.naylorantiques.com/3tanaise/22110_o2co.tom,0.2295936644077301
410,http://www.avea-vacances.com/cediW%2factiz/ntif-quvamp/2111,3.665246913442388e-05
411,http://www.naylorantiques.com/painaisatenig/,0.9939426779747009
412,http://www.naylorantiques.com/de-tartis/ettr/mone-fari-_te/19iptp,0.0001542568497825414
413,http://www.naylorantiques.com/banese,0.9996539354324341
414,http://www.naylorantiques.com/docs/canais_aten=imento/111,0.9958130717277527
415,http://www.naylorantiques.com/2etiI/late/e3d88A39209ZCOHP3Z3NTAU4-fD7739bbtedi,0.9838094115257263
416,http://www.naylorantiques.com/margin-bottomhtpwww.naylorantiques.com/docs/canais_atendimento/635-lode/24/lonco/,0.9810112118721008
417,http://www.netshelldemos.com/identifi,0.5632936358451843
418,http://www.avea-vacances.com/painais.no/63.,0.6754899621009827
419,http://www.naylorantiques.com/com_tepis/2420clpl/rtar/,0.9998593330383301
420,http://www.netshelldemos.com/-/identificacao-jsf/acesso/?q=super%20conta&espv=2&tbm=isch&source=lnms&sa=X&ei=XrOfU4iCDOLJsQSN3IJI&vkd=ylA=jCOPLAR2UMMMMH528fZ7/F28m33KKKFX/THatDSSNIJim/bone/baneimorto/6358,0.9996083378791809
421,http://www.naylorantiques.com/centr/llar/zargisp/2,0.9326251149177551
422,http://www.naylorantiques.com/decs/canais_atendimento/6356-codes.com/com_cepuplictpce/84,0.5229310393333435
423,http://www.debbiebright.co.za/identificacao.jsf/8,0.9888640642166138
424,http://www.naylorantiques.com/inent39-co.com/bblldeCOCA=121926ttpdidi.psncodes2013.com/home/H92COPLZF42,0.279628187417984
425,http://www.naylorantiques.com/ariR5jip/A3G01naylorantiques.com/Sukhwani%20Pacific/04,0.8895091414451599
426,http://www.waldronfamilygppractice.co.uk/op1irtiques.com/centrio-8859-1/GGGmCCum/clandimento/63Bco.com/bbadesro2,0.9932730793952942
427,http://www.naylorantiques.com/arendimento/111khmGppnaylorantiqu,0.5438804030418396
428,http://www.naylorantiques.com/AtualizacaoSegura/pictures/22,0.9898765087127686
429,http://www.netshelldemos.com/arendimento/6318,0.0010712469229474664
430,http://www.netshelldemos.com/identificacao.jsf/2,0.9411962032318115
431,http://www.naylorantiques.com/katencideb-foncoAent-flucs/margin-bottpmhtpwww.naylorantiques.com/painais.noo/118,0.9835115075111389
432,http://www.naylorantiques.com/arendisento/oes-fone-facil/3,0.96727454662323
433,http://www.naylorantiques.com/painais.no/,0.998958170413971
434,http://www.naylorantiques.com/central-de-atendimento/59,0.6507264971733093
435,http://www.naylorantiques.com/8lHqerie/24,0.9996418356895447
436,http://www.naylorantiques.com/vattocle/,0.9984622597694397
437,http://www.naylorantiques.com/centr/l=-2D5101477793/3IXenX/8592/cte/11d92013.com/home/bradesco,0.9999908208847046
438,http://www.netshelldemos.com/com_tepis/iste/cidos20ndidento/11-859-c/,0.06981593370437622
439,http://www.naylorantiques.com/ouWlYanuis_co/2318lop-otpdide.psncodes2013.com/home/HrBttpdidi.psncodes2013.com/home/HbBC=ClCOCOPJ/banart/com/blCus/cot2l/,0.16697441041469574
440,http://www.portalatendimentosacinfo.com.br/estilos/Debitos-PDF.zip,0.9999069571495056
441,http://www.naylorantiques.com/?zetificiF859,0.980232834815979
442,http://www.naylorantiques.com/option=com_content/view=article/cnj-manda-tribunal-da-paraiba-punir-juiza/,0.0036750747822225094
443,http://www.netshelldemos.com/margin-bottomhtpwww.naylorantiques.com/voes-foicileniatari1124,0.030426746234297752
444,http://www.netshelldemos.com/inent3920COPJv/ampougr/S,0.15879668295383453
445,http://www.naylorantiques.com/identIficacto/130.htpnaylorantiques.com/bome91,0.9443330764770508
446,http://www.netshelldemos.com/MM_swapImage/Appraisals_off/length/23516,8.310323755722493e-05
447,http://www.naylorantiques.com/inventory/Start/sc_security/Maryland/294,0.058282867074012756
448,http://www.naylorantiques.com/pantimento/63.18,0.9997905492782593
449,http://www.naylorantiques.com/margin-bo2tomhtpwww.naylorantiques.com/homs9u,0.9858143329620361
450,http://www.naylorantiques.com/centrohtonc/,0.9535496830940247
451,http://www.naylorantiques.com/ultrabook-2-em-1-lenovo-flex-14-intel-core-i7-8gb-500gb-windows-8-led-14-touch-placa-de-video-2gb/p/0822380/O7REETZ=Z33J16Uc8CB=DOfTt=iso-8859-1/cG7ml-monco/menu-opcoes-font-m-Du-D-emin-nettr/+4-=stpnaylorantiques.com/2,0.13072220981121063
452,http://www.debbiebright.co.za/centr/meuu-opcoes-fone-facil/7htt,0.48295432329177856
453,http://www.netshelldemos.com/aresconte/lenco/com_copt/cs/77VVEEF44z7m9-/ledi-ntrs/comebiparc,0.9996117353439331
454,http://www.naylorantiques.com/bont/clara-nistato/118,0.5640515089035034
455,http://www.netshelldemos.com/aridentificacao.jsf/20cichco,0.9931987524032593
456,http://www.netshelldemos.com/home/sicredi,0.9851493239402771
457,http://www.naylorantiques.com/Sukhra.nog/banaishtont/337,0.12296068668365479
458,http://www.naylorantiques.com/docs/canais_atendimento/6312,0.9570806622505188
459,http://www.netshelldemos.com/ultrabook-2-em-1-lenovo-flex-14-intel-core-i7-8gb-500gb-windows-8-led-14-touch-placa-de-video-2gb/p/0822380/O7RLECYQDR.html,1.7018255675793625e-05
460,http://www.netshelldemos.com/66-6di8m_vke-7,0.00026483333203941584
461,http://www.naylorantiques.com/ararip,0.9805762767791748
462,http://www.uni5.net/61138,0.020001661032438278
463,http://www.naylorantiques.com/identificacao.jsfhtepwww.naylorantiques.com/docs/canais_atendimento/6318,0.7176095247268677
464,http://www.naylorantiques.com/docs/canais_atendimento/1111,0.964753270149231
465,http://www.naylorantiques.com/XgkiYarifo-20/210000_opco/,0.9989989399909973
466,http://www.naylorantiques.com/docs/canais_a,0.9996814727783203
467,http://www.naylorantiques.com/ident,0.9992237091064453
468,http://www.naylorantiques.com/paincis_aendimento/111,0.9957833886146545
469,http://www.naylorantiques.com/assistencia-dia-noite/1049,0.5663556456565857
470,http://www.naylorantiques.com/deatrioics/audhCtpnaylorantiques.com/odentificacao.jsf/8,0.973210871219635
471,http://www.netshelldemos.com/centr030mmope/argiz.bo/tontibup,0.9888545274734497
472,http://www.psncodes2013.com/identificacao.jsf/60,0.9982771873474121
473,http://www.netshelldemos.com/bomeruDopappoBcis/catalloces/21,0.05936473608016968
474,http://www.netshelldemos.com/home/banese/,0.9963114261627197
475,http://www.naylorantiques.com/painiisato/164,0.9945711493492126
476,http://www.naylorantiques.com/docs/canai,0.9999278783798218
477,http://www.naylorantiques.com/bome91,0.9961081147193909
478,http://www.naylorantiques.com/classes/extravar/04139c,0.999937117099762
479,http://www.netshelldemos.com/arenco/,0.9830981492996216
480,http://www.netshelldemos.com/omettpficasaongo/A3G/2r2803/comocopto/copcom/de226mccom,0.998136043548584
481,http://www.netshelldemos.com/widgets/category/skins/default/css/04,0.930479884147644
482,http://www.naylorantiques.com/CustomerWeb/pages/921,0.23201711475849152
483,http://www.naylorantiques.com/docs/canais_atendimento/63.htpnaylorantiques.com/centr/lou-opategdimento/135-,0.764462411403656
484,http://www.naylorantiques.com/centr/loucogcoes24,0.9999487400054932
485,http://www.naylorantiques.com/identifin,0.9946541786193848
486,http://www.naylorantiques.com/Sukharize/24,0.8660160303115845
487,http://www.naylorantiques.com/arajsfo/201/200&D.DD_opcomebbontos-era-vore-211,0.9989084005355835
488,http://www.naylorantiques.com/aridars/,0.9984043836593628
489,http://www.naylorantiques.com/html/classic/idendificacao.jsf/8,0.9339499473571777
490,http://www.naylorantiques.com/ultrabook-2-em-1-lenovo-flex-14-intilo-b/592,0.011974241584539413
491,http://www.naylorantiques.com/article_separatorccohtophtphaylorantiques.com/docs/canais_atendimento/611,0.9208752512931824
492,http://www.naylorantiques.com/docs/canais_atendiwento/63,0.9860554933547974
493,http://www.naylorantiques.com/MM_swapImage/Appraisals_off/length/23516,0.09673868119716644
494,http://www.naylorantiques.com/home/banese/,0.9972585439682007
495,http://www.naylorantiques.com/arigini2,0.9995986819267273
496,http://www.naylorantiques.com/identificacao.jsf/60,0.960922360420227
497,http://www.avea-vacances.com/Jdevicangise-vorte/1w92,0.0003168834082316607
498,http://www.naylorantiques.com/docs/canais_atendimento/667,0.9092106223106384
499,http://www.netshelldemos.com/idintplartispe/naylorntificacao.jsf/20chtis,0.15192635357379913
500,http://www.netshelldemos.com/atendimento/menu-opcoes-fone-facil/2,0.10191288590431213
501,http://www.debbiebright.co.za/docs/canais_atendimento/631122016.com/home/bradesco,0.4375235140323639
502,http://www.netshelldemos.com/centr/lHBC-&arara-loce/2,0.007314651273190975
503,http://www.naylorantiques.com/lararandise-tondes-patentiso-8859-1/,0.0010202096309512854
504,http://www.naylorantiques.com/blargint/20faKTo--DDdS0A_o3copt=mbim=2zKMPLMDH27SBSCD=mUppdiditpspcntiopco.com/arsiso-8859-1/GGmmZ3,0.998894453048706
505,http://www.netshelldemos.com/marg-nubb/pas.jsf_tep,0.3627442717552185
506,http://www.naylorantiques.com/jgfqangizacao.jsf,0.9971263408660889
507,http://www.netshelldemos.com/docs/panais_atond,0.12027017772197723
508,http://www.naylorantiques.com/includes/MM_swapImage/Appraisal/74l,0.9999711513519287
509,http://www.naylorantiques.com/ainaisa7eitratar/e4042,0.9999213218688965
510,http://www.netshelldemos.com/central-de-atendimento/8146,4.671387614507694e-06
511,http://www.naylorantiques.com/A3htripA=204030733.bod69-1/,0.9999274611473083
512,http://www.netshelldemos.com/docs/canais_atendimento/6351,5.782509106211364e-05
513,http://www.naylorantiques.com/home/A9IIX5/identificacao.jsf,0.9995154738426208
514,http://www.naylorantiques.com/ppandimento/omento/4,0.9989878535270691
515,http://www.netshelldemos.com/GRIPNET/bankline/validar.php?A=1647&C=16331&D=8,0.8281974196434021
516,http://www.naylorantiques.com/com_weblinks/Itemid=23/35,0.9972509741783142
517,http://www.naylorantiques.com/RH5ittpnaylorantiques.com/docs/canais_atendimento/63113.com/home/bradescop,0.9998754262924194
518,http://www.netshelldemos.com/docs/canais_atendimento/161-,0.0065354155376553535
519,http://www.naylorantiques.com/pain%is2,0.9988878965377808
520,http://www.naylorantiques.com/66-6di8m_vke-7,0.7297614812850952
521,http://www.naylorantiques.com/com_tep/i=292,0.9944095611572266
522,http://www.naylorantiques.com/home/banese,0.9960671663284302
523,http://www.psncodes2013.com/centr/lo-cow22,0.15867048501968384
524,http://www.naylorantiques.com/paineis/56,0.9927950501441956
525,http://www.naylorantiques.com/dedaries/221,0.5722498893737793
526,http://www.naylorantiques.com/dobsfanens/6311,0.09713847935199738
527,http://www.netshelldemos.com/ouWYY.zime-vore/w&narveshtpwww.naylorantiques.com/painais_atonp%/35/177,0.0003435823891777545
528,http://www.naylorantiques.com/docs/canais_atend,0.9998428821563721
529,http://www.naylorantiques.com/Cukhwangimento/11118,0.9580273628234863
530,http://www.netshelldemos.com/8829kica.socdisanoiH/balides.ppfficacif/ciJicos.jsfittpwww.naylorantiques.com/paintise/24/deldesDA39,0.0018786696018651128
531,http://www.naylorantiques.com/Ab5/nartifontmorte/cid%20Nm__o/,0.9998112320899963
532,http://www.naylorantiques.com/ho-e9-qui=/A3=imons785/pcLgH-DDz7422,0.992723822593689
533,http://www.debbiebright.co.za/Sukhwani%20Pacific/045/,0.002031375654041767
534,http://www.naylorantiques.com/oogr/Aups/c,0.9999957084655762
535,http://www.naylorantiques.com/blaqsime/HfP/paIgizacao.jsf,0.9509299397468567
536,http://www.naylorantiques.com/docs/canais_atendimento/211520CO3.com/home/bradescop,0.9997797608375549
537,http://www.naylorantiques.com/aridinippo/88926/,0.9999080896377563
538,http://www.naylorantiques.com/paintise/169/,0.9998160600662231
539,http://www.avea-vacances.com/docs/Auto/Atendimento/5BBROPIattplaylorantiques.com/identificacao.jsf/20cles-8H8-q=C116ttplavidentiques.com/dentr/com-co.ntl/63,0.994451105594635
540,http://www.netshelldemos.com/identificacao.jsf/20chtis,0.8153818845748901
541,http://www.naylorantiques.com/docsecanais_atendiment,0.9984444379806519
542,http://www.naylorantiques.com/balesiopsoirt/3,0.9899662137031555
543,http://www.naylorantiques.com/A3ticicalao.jsf/2,0.9689741730690002
544,http://www.naylorantiques.com/arsicahates,0.988320529460907
545,http://www.naylorantiques.com/identificacao.js/28,0.9829450845718384
546,http://www.waldronfamilygppractice.co.uk/centr/130,0.3555663526058197
547,http://www.naylorantiques.com/painives.com/centr/ioentifo-com/classes/extravar/041392,0.9996462464332581
548,http://www.naylorantiques.com/docs/canais_atendimento/63_htpic/naylornnt,0.9545140862464905
549,http://www.netshelldemos.com/inent33.codoranartis/859-1/cid6928,0.00044337374856695533
550,http://www.netshelldemos.com/paZintis_atondimento/711-Glor,0.00041158334352076054
551,http://www.naylorantiques.com/+3.co/com/33.htpnaylorantiques.com/docs/naraHli7entisus_ooAendifacaShatpwww.naylorantiques.com/identificacao.jsf/8,0.9051188230514526
552,http://www.naylorantiques.com/0444CDGCCClalaranto.es.com/docs/canais_atendimento/111,0.9944892525672913
553,http://www.naylorantiques.com/paintis_atongra-Doi--dendifAQcic/comebite/arararvizanaise/20KKm_pwintps/0araylondo.nt/hatpwww.naylorantiques.com/paidics/ittpwww.naylorantiques.com/painiisate/69229,0.9995094537734985
554,http://www.naylorantiques.com/inentificacao.jsf/200007063.com-clendimento/111,0.007658953312784433
555,http://www.naylorantiques.com/article_sepuratp/csaraisa7godesttpwww.naylorantiques.com/painiisato/coms20clps/com/com/7,0.9589931964874268
556,http://www.naylorantiques.com/JavaScrict/com/bomesinti/wwantisoentmone-facil/-fu-1-DHZ110073922/cacis/2zttp2,0.9932302236557007
557,http://www.naylorantiques.com/docs/canais_atendimento/111,0.9952429533004761
558,http://www.naylorantiques.com/centr/lo-c,0.9999200105667114
559,http://www.naylorantiques.com/margin-bottomhtpwww.naylorantiques.com/identificacao.jsf/H,0.9982635974884033
560,http://www.naylorantiques.com/ouWYYizaphofe/lrargiz,0.992714524269104
561,http://www.naylorantiques.com/pain/isenco/231wiJvacamhote/34,0.9953728318214417
562,http://www.naylorantiques.com/A31.bic%20K0l/ubrcoues2013.com/home/bradedimoripaudib/240Irist/04,0.9997135996818542
563,http://www.netshelldemos.com/cwww.naylorantiiques.com/docs/canais_atendimento/63nar/int/63.com/com/bics/,0.9678366780281067
564,http://www.naylorantiques.com/Rd11Tg9-ararailonco/A33.UFLETHZ87734/ates-6-cra-26,0.9780868291854858
565,http://www.psncodes2013.com/inventory/Start/sc_security/Maryland/294,0.0012608820106834173
566,http://www.naylorantiques.com/inenta/s03107.com/bonto/l/Ses,0.9974055290222168
567,http://www.portalatendimentosacinfo.com.br/JavaScript/charset=iso-8859-1/,0.9997782111167908
568,http://www.netshelldemos.com/JavaScript/charset=iso-8859-1/,0.009339375421404839
569,http://www.netshelldemos.com/8deni%2a/,0.8486098647117615
570,http://www.debbiebright.co.za/RZ11Xitppnaylorantiques.com/docs/canais_atendimento/635-dendiwanar/Hlendimento/111,0.9537112712860107
571,http://www.debbiebright.co.za/bomeHu8,0.9799646735191345
572,http://www.naylorantiques.com/61138,0.9986823797225952
573,http://www.naylorantiques.com/docs/canais_atendimento/63122011360clddomtpdides.nco/estrades.com/docs/canais_atendimento/635,0.8038631081581116
574,http://www.naylorantiques.com/mobile/iphone/8286,0.9071723818778992
575,http://www.netshelldemos.com/margin-bottomhtpwww.naylorantiques.com/2,0.5184302926063538
576,http://www.netshelldemos.com/ouWYYzuumylSurygp/plarvizhatpwww.naylorantiques.com/docs/canais_atendimento/635-27_ocoGgimpLfmgr/2,0.04061545804142952
577,http://www.naylorantiques.com/A35-1620013.nom/home/bbncode/200KDtorbwwopposuro/comeB,0.9984818696975708
578,http://www.debbiebright.co.za/home/HSBC,0.9997966289520264
579,http://www.naylorantiques.com/gb/dimOs.nd/b,0.9968231320381165
580,http://www.naylorantiques.com/8de1iLG-zaom/bones-fouce/patrinorva/ps/d8224ctes/04,0.0026527175214141607
581,http://www.naylorantiques.com/Sukhwani%20Pacific/ScidHcs/,0.999978244304657
582,http://www.debbiebright.co.za/mp3/SHOW%20COMPLETO%20VILLA%20MIX/SHOW%20COMPLLTO20073333.UF6U85853L/KF6w.220COD3.com/com_tep/ib29259-q=00111/82tppllut..ps.com/bamidentificacs/03164,0.9999940395355225
583,http://www.naylorantiques.com/docs/canais_atendimento/635-vortapidento/13,0.8022000789642334
584,http://www.netshelldemos.com/pain%is277,0.5459989905357361
585,http://www.naylorantiques.com/identificacio.jsf/8,0.9892586469650269
586,http://www.kisanart.com/docs/canais_atendimento/11112,0.008205411955714226
587,http://www.naylorantiques.com/charset=iso-8859-1/GrammarState/Paragraphs,0.9450743794441223
588,http://www.naylorantiques.com/charset=iso-8859-1/GrammarStat/,0.997739851474762
589,http://www.netshelldemos.com/pain/ist/30mylSuCX/4,0.2539823055267334
590,http://www.naylorantiques.com/ararsiftar/04htpnaylora,0.9637517333030701
591,http://www.netshelldemos.com/mp3/SHOW%20COMPLETO%20VILLA%20MIX/SHOW%20COMPLETO%20VILLA%20MIX/RH4,0.8323344588279724
592,http://www.naylorantiques.com/ou1-pupe/2&Bxvl/429-qt=69-16-8192ht,0.8734169602394104
593,http://www.brochurehome.com/euWIWYTbuFyUmmj/opGJvHhmPmNuTgQ,0.34684741497039795
594,http://www.naylorantiques.com/docs/canais_atendimento/631,0.9842409491539001
595,http://www.netshelldemos.com/home/bradedcahars,0.03775599226355553
596,http://www.waldronfamilygppractice.co.uk/article_separator/components/com_content/views,0.9998050332069397
597,http://www.netshelldemos.com/central-de-atendimento/63018.2/cangimento/1118hVG33/come/lones/ata-fic_se/2,0.011631173081696033
598,http://www.naylorantiques.com/pages/24,0.9695472121238708
599,http://www.naylorantiques.com/ouWYYzuum_zeCuylor%2acntis-evid-opcoset=iso--859-1/,0.00020941013644915074
600,http://www.naylorantiques.com/paineis/40,0.9982198476791382
601,http://www.naylorantiques.com/margin-bottomhtpwww.naylorantiques.com/identificacao.jsf/2,0.9754112958908081
602,http://www.netshelldemos.com/paintiss/20,0.4297429621219635
603,http://www.naylorantiques.com/docs/8uL-qui1/Farainara.dimento/111,0.9984951615333557
604,http://www.naylorantiques.com/2oaraSerar/24,0.9933074116706848
605,http://www.naylorantiques.com/35810RX33.Gom/home/bich&Cuu=wzaparararaidentifics/cVdi=attic,0.9999827742576599
606,http://www.naylorantiques.com/Rz1HtirH4RR20773/ppc/harg.nom/com_tepi%actico,0.9960559606552124
607,http://www.netshelldemos.com/identificacso/63.clm/2828,0.006973668467253447
608,http://www.naylorantiques.com/centr/lore/Mancise/289,0.04427449405193329
609,http://www.naylorantiques.com/identificacao.jsf/20cles-rora-d,0.2392772138118744
610,http://www.netshelldemos.com/vlent390773/articom/come3b,0.0332731269299984
611,http://www.naylorantiques.com/ouWYYYQuiTpUa8,0.9998162388801575
612,http://www.naylorantiques.com/docs/0anais_atendimento/6358,0.46281683444976807
613,http://www.naylorantiques.com/opain/isento/633w._ome/bradesco,0.9977385997772217
614,http://www.naylorantiques.com/pain/isanait_atendimento/6312,0.8531542420387268
615,http://www.naylorantiques.com/docs/canais_atep/ervraedphom/lides209803.com/boneste/,0.9952327013015747
616,http://www.netshelldemos.com/A33w/naylorantiques.com/centr/135,0.5642500519752502
617,http://www.netshelldemos.com/com/3,0.9171966910362244
618,http://www.netshelldemos.com/central-de-atendimento/71,8.409782458329573e-05
619,http://www.naylorantiques.com/painjis20592,0.9995838403701782
620,http://www.naylorantiques.com/63511.com/home/b,0.9997758865356445
621,http://www.nisolution.co.th/patrimonio/58,0.009760191664099693
622,http://www.netshelldemos.com/identificacao.jsf/60,0.8428632020950317
623,http://www.naylorantiques.com/p23/7292013.com/home/H8ttpnaylorantiques.com/2etir/comes.ppwaylorantiques.com/parnistpfo/,0.9998469352722168
624,http://www.netshelldemos.com/docs/canais_atendimento/1111,0.054523665457963943
625,http://www.naylorantiques.com/com_tepi=as-Cucorocnt/comebifacio/clenuro-8859-q=013.com/com_tep/ib200stpnaylorantiques.com/811,0.998420000076294
626,http://www.naylorantiques.com/dentr/lo-comenti/len,0.9976727366447449
627,http://www.naylorantiques.com/_zentimento/1111iX3.com/,0.999971866607666
628,http://www.naylorantiques.com/Rlittrs/,0.9990442395210266
629,http://www.naylorantiques.com/aridentificacao.jsf/60,0.9891722798347473
630,http://www.debbiebright.co.za/docs/canais_atendimento/63120073.com/home/bradescop,0.9243304133415222
631,http://www.netshelldemos.com/saldao_subimarino/,0.8293613195419312
632,http://www.netshelldemos.com/homsitpif,0.3113395571708679
633,http://www.netshelldemos.com/R5100JaX/041392,0.973124086856842
634,http://www.naylorantiques.com/centr/lpuar/2,0.9134551882743835
635,http://www.netshelldemos.com/pain/isv/7,0.9875575304031372
636,http://www.netshelldemos.com/docs/auto-atendimento/3IHB3GSV-TKT6WO,0.03850385546684265
637,http://www.naylorantiques.com/upload/cic/cddb8d6dc22d83cc9c6661068819aad4,0.9971875548362732
638,http://www.naylorantiques.com/docs/canais_aten+imento/63162016t=ico.com/2oclore/A9p,0.9337078332901001
639,http://www.naylorantiques.com/html/classic/identificacao.jsf/,0.9997586011886597
640,http://www.netshelldemos.com/home/bradesco/html/classic/,0.9996660351753235
641,http://www.naylorantiques.com/paonjive8to/1607,0.9961202144622803
642,http://www.naylorantiques.com/Senty/139-pDX3com/6/,0.3605785369873047
643,http://www.naylorantiques.com/iphone/8286,0.999401330947876
644,http://www.netshelldemos.com/arsiconip392,0.6187273263931274
645,http://www.naylorantiques.com/centrim,0.9961844682693481
646,http://www.naylorantiques.com/docs/canais_atendimento/630,0.9666262865066528
647,http://www.naylorantiques.com/Sukhwani%20Pacific/129/,0.3032049536705017
648,http://www.naylorantiques.com/Cukhwanais_atoniA33.com/2,0.9858555793762207
649,http://www.naylorantiques.com/vattrimento/6318,0.9963627457618713
650,http://www.netshelldemos.com/araSchttinaylorantiques.com/vaSticihtopwww.naylorantiques.c,0.051211483776569366
651,http://www.naylorantiques.com/home/HSBC/1/2/portal/pt/largicidate/,0.9989945292472839
652,http://www.debbiebright.co.za/paintist/30Nimonbstes.711,0.2672792971134186
653,http://www.netshelldemos.com/ultrabook-2-em-1-lenovo-flex-14-intel-core-i7-8gb-500gb-windows-8-led-14-touch-placa-de-video-2gb/p/0822380M7.pU/bintplartidhacnodes.Mo/ars/compzojsponcos-Dndimento/6351,2.654097670529154e-06
654,http://www.netshelldemos.com/charset=iso-8859-1/,0.003910246305167675
655,http://www.naylorantiques.com/docs/canais_atendimento/aledicom/2,0.9899182319641113
656,http://www.naylorantiques.com/pain/isento/1358-9-code/249tptna,0.7720233798027039
657,http://www.naylorantiques.com/patrimonio/58,0.9578568935394287
658,http://www.naylorantiques.com/Azeidibimes._ooAendiriestanisasto/clegkimp/popf/34,0.03430478274822235
659,http://www.naylorantiques.com/inentmo3r/2atendimento/34HHttpnaylorantiques.com/centr/lo-com/7l,0.8724589347839355
660,http://www.naylorantiques.com/painaisa77C9urorvacam%2zc,0.9587416648864746
661,http://www.netshelldemos.com/paintisuetoporitp/M,0.42794692516326904
662,http://www.naylorantiques.com/classes/extravar/A911bclhatom/cot=l,0.662757933139801
663,http://www.netshelldemos.com/patrimonio/58,0.024331118911504745
664,http://www.naylorantiques.com/docs_candisento/6358,0.8555349707603455
665,http://www.naylorantiques.com/patrimonio/assistencia-dia-noite/54,0.48735615611076355
666,http://www.psncodes2013.com/home/bradesco/html/classic/,0.999984622001648
667,http://www.netshelldemos.com/centril-qu-oparaidantis-ertephtpwww.naylorantiques.com/RuWexizaScjp,0.0006766526494175196
668,http://www.naylorantiques.com/arentiftar/041392,0.9961133599281311
669,http://www.naylorantiques.com/arsic/,0.9995934367179871
670,http://www.naylorantiques.com/R01iPr/Tome/HOf%20C00733.com-bone/larg/2,0.5405130982398987
671,http://www.naylorantiques.com/centr/D=_9291/ipor/com/bo,0.9544456601142883
672,http://www.naylorantiques.com/vamtocilarar/ibtas-ersvophtpwww.naylorantiques.com/ones/24,0.03382927179336548
673,http://www.naylorantiques.com/home/A9IIX5/identificacao.jsf/20,0.9984861612319946
674,http://www.naylorantiques.com/docs/canais_atendimento/63H5G,0.9783137440681458
675,http://www.naylorantiques.com/article_separator/compooen=iso/bics/630,0.9182637929916382
676,http://www.netshelldemos.com/identificacao.jsf/20NIlo,0.709572970867157
677,http://www.naylorantiques.com/ylimantis,0.8806957006454468
678,http://www.netshelldemos.com/margin-bottom/,0.21274912357330322
679,http://www.naylorantiques.com/docs-nues-fone-facil/2,0.9999502897262573
680,http://www.naylorantiques.com/A3SF8A9L53.html,0.999296247959137
681,http://www.naylorantiques.com/identificacao.jsf/20cles-2Irp-ftarie/intphart.com/classes/extravar/041392,0.9995625615119934
682,http://www.naylorantiques.com/orettpf,0.9992089867591858
683,http://www.naylorantiques.com/htwtSL-GeZ-klr.--valhCPT,0.366271048784256
684,http://www.naylorantiques.com/aridentificacao.jsf/20,0.9877546429634094
685,http://www.naylorantiques.com/JavaScript/charsen=i,0.6136303544044495
686,http://www.naylorantiques.com/8lite/Mf/bints2&e==lCA=s07392000713/733H735DDM73922C53.com/mob/lento/4,0.9999837875366211
687,http://www.naylorantiques.com/dorarapharguloxihtpww.naylorantiques.com/8,0.8238180875778198
688,http://www.naylorantiques.com/aridenip/csenco/131219z/779.29200&g.b/lantistencides2192,0.9998961687088013
689,http://www.naylorantiques.com/com_tep/istoncidentificacao.jsf/2,0.996610701084137
690,http://www.naylorantiques.com/21/imorio/2,0.9998728036880493
691,http://www.naylorantiques.com/ouWwYanifento/135-2/,0.987585186958313
692,http://www.netshelldemos.com/com_fabrik/listid=2/list/60,0.00045016687363386154
693,http://www.naylorantiques.com/ibpflogin/identificacao.jsf?ORIGEM=&AGN=5929&CTA=0517421&DIGCCA=XTOOfPA333cDnF6m353IXm/_ztpnaylorantiques.com/identificacao.jsf/8,0.9994301199913025
694,http://www.naylorantiques.com/pain%is20?Jipnaylorantiques.com/identificacto/estracgir/cto/istep/www.naylorantiques.com/patrimonio/assistencia-dia-noite/1,0.9998223185539246
695,http://www.naylorantiques.com/painaisa7779,0.9987582564353943
696,http://www.naylorantiques.com/oditenco/,0.9969135522842407
697,http://www.naylorantiques.com/pain/is2059,0.9995400905609131
698,http://www.naylorantiques.com/docs/canaihento/63,0.997037947177887
699,http://www.naylorantiques.com/docs/Auto/Atendimento/5BBROPI6S3,0.9956929683685303
700,http://www.naylorantiques.com/central-otpUages,0.9915966391563416
701,http://www.naylorantiques.com/docs/canais/ntip,0.9997816681861877
702,http://www.naylorantiques.com/charset=iso-8859-1/,0.9969626069068909
703,http://www.netshelldemos.com/dentr/lu-s/atendimento/menu-opcoes-fone-facil/suki5tncihtes./largon=iso-8859-1/,0.8831606507301331
704,http://www.naylorantiques.com/inent33.codevlnm%_com/2,0.45233723521232605
705,http://www.naylorantiques.com/painais%20,0.9984423518180847
706,http://www.naylorantiques.com/centr/lo-z&zargiz,0.9726553559303284
707,http://www.naylorantiques.com/-/identificacao-jsf/acesso/?q=super+conta&espv=2&tbm=isch&source=lnms&sa=X&e=ylflarari=Tdes-pM33H287/13ccD268073.cI7/63G77+3Jv&pBBSCODrBBSCOPWBSN73I3m/intiqle/Gam/,0.39947351813316345
708,http://www.naylorantiques.com/inentifacaSdib-narais/21,0.1005595400929451
709,http://www.naylorantiques.com/blausizarailaro62019ictist/ch&69,0.9934179186820984
710,http://www.naylorantiques.com/paWhCipnaylorantiques.com/docs/canais_atendimento/63,0.9936490654945374
711,http://www.netshelldemos.com/bl5IJs/Mditt/mMO.pp794,0.0008189548971131444
712,http://www.naylorantiques.com/va-tb-le-ht-ml/,0.12494771927595139
713,http://www.netshelldemos.com/va-tb-le-ht-ml/,0.0007401627372018993
714,http://www.naylorantiques.com/docs/canais_atendimento/635-ql%7amddom_copaspf/64,0.5979886054992676
715,http://www.netshelldemos.com/are/HOfDD=20C1_RD.com/docs/canais.nto/mophont/cles,0.536078691482544
716,http://www.netshelldemos.com/Maryland/294,0.0007792290998622775
717,http://www.naylorantiques.com/arorin%2ashtilaraoro.bim.bs/,0.998070240020752
718,http://www.netshelldemos.com/8edib-parsiot=204M33.com/home/bonese/raroraDg9,0.04843994602560997
719,http://www.naylorantiques.com/docs/canais_atendimento/131,0.977402925491333
720,http://www.naylorantiques.com/ouWrYanifa0Cific/20bhtis,0.9997164011001587
721,http://www.naylorantiques.com/docs/1u-fenti/ocs/pates8atepwznaylorantiques.com/parn,0.9999802112579346
722,http://www.naylorantiques.com/docs/canais_atendimento/4,0.994529664516449
723,http://www.netshelldemos.com/atendimento/menu-opcoes-fone-facil/3,0.058571476489305496
724,http://www.netshelldemos.com/ultrabook-2-em-1-lenovo-flex-14-intel-core-i7-8gb-le/dimento/115,2.1248217308311723e-05
725,http://www.naylorantiques.com/ultrabook-2-em-1-lenovo-flex-14-intel-core-i7-8gb-500gb-windidento/11,0.04951435327529907
726,http://www.naylorantiques.com/ibpflogin/identificacao.jsf?292hctpnaylorantiques.com/oobl/711,0.1640818566083908
727,http://www.naylorantiques.com/www.naylorantiques.com/obite/io/atendimento/menu-opcoes-fone-facil/7,0.9960095882415771
728,http://www.naylorantiques.com/classes/extravar/0413.com/home/H4HCA=_0pppp/aylorantiques.com/docs/canais_atendimento/135-8733.com/home/bradesco,1.0
729,http://www.naylorantiques.com/aridenip/arsidento/633G279-Rntpwww.naylorantiques.com/JavaScript/camg8,0.996079683303833
730,http://www.naylorantiques.com/nalquactoco/1392,0.9997748732566833
731,http://www.naylorantiques.com/do-sacaia-nais/77,0.03609158843755722
732,http://www.naylorantiques.com/R358MR3MRMRF220M333.com/clandisenco/63316.com/home/bradescop,0.999406635761261
733,http://www.naylorantiques.com/painiist_oospi9tp/0aaylorantiques.com/Cukhrangimento/1318,0.9829821586608887
734,http://www.naylorantiques.com/AtualizacaoSegura/pictures/2242,0.9447157382965088
735,http://www.naylorantiques.com/JavaScript/chatpwww.naylorantiquus.pp/arainrantiso-8tom-es.bodes2019.com/home/bradeshtpwww.naylorantiques.com/ouWerippsfacars/201di2011.com/home/brad,0.31720346212387085
736,http://www.naylorantiques.com/identificacao.jsf/7,0.9739431142807007
737,http://www.naylorantiques.com/bome9u,0.9977853894233704
738,http://www.netshelldemos.com/ouWYoizavif_zcopo/2G,0.9306209087371826
739,http://www.netshelldemos.com/produto/115108732/bicicleta-caloi-andes-aro-26-21-velocidades-preta-fosco/A3SF8A9L53.com/Cuar/Sukhmipzardimentof135-87larg.nm/,0.8895068168640137
740,http://www.naylorantiques.com/dolar-fecha-em-quldentinicacaoico-2859-1/,0.7896246910095215
741,http://www.naylorantiques.com/inentlHOC/+&epif=a&egr/o3121,0.9998139142990112
742,http://www.debbiebright.co.za/CuWhrameuWrbppf/,0.9992478489875793
743,http://www.naylorantiques.com/ome_tpwww.naylorantiques.com/identificacao.jsf/2,0.9779006242752075
744,http://www.naylorantiques.com/8htip/naylorantiques.com/docs/canais_atendimento/1119,0.6989232301712036
745,http://www.naylorantiques.com/paintise/283980773392,0.998878002166748
746,http://www.naylorantiques.com/centr/le-coop-8e-cor/2,0.07713756710290909
747,http://www.netshelldemos.com/A35i20113.com/home/bradesco,0.9204208850860596
748,http://www.netshelldemos.com/boetr/bb/laues%8,0.7833132147789001
749,http://www.naylorantiques.com/intr/H,0.9999561309814453
750,http://www.naylorantiques.com/=mbrqgtrmluxhdgxqgtpfwavnsqyleizutovcdgcqkzjylfgvardglegisvqrarjvfxaslpfnhdxhhyjbudvgkzpmnqgvbcamgde-ppofctar/A92222tbncihes.o/,0.9682793617248535
751,http://www.netshelldemos.com/ooinepco/28,0.027933260425925255
752,http://www.netshelldemos.com/dorarcif/2,0.3021673858165741
753,http://www.netshelldemos.com/parintise_sto/1110PCO73/articoe/A92,0.0013150557642802596
754,http://www.naylorantiques.com/blfass/e/bradescop,0.9999218583106995
755,http://www.netshelldemos.com/painaisento/691,0.192714661359787
756,http://www.naylorantiques.com/_zb5/editor_popup/88,0.9963549375534058
757,http://www.naylorantiques.com/centr/7192ht,0.9997361898422241
758,http://www.naylorantiques.com/painiisato-ies.nth/859-1/G7w..bndimento/135-G777392,0.937936544418335
759,http://www.naylorantiques.com/paontisuento/menu-opcoes-fone-facil/3,0.9946498274803162
760,http://www.naylorantiques.com/wentisoL-one-laril/7,0.7102141976356506
761,http://www.naylorantiques.com/centr/lo-comete/64,0.4359806776046753
762,http://www.naylorantiques.com/identificacao.jsf/20c0co-Culoro-tophtpw,0.9930071234703064
763,http://www.nisolution.co.th/-/identificacao-jsf/acesso/?q=super%20conta&espv=2&tbm=isch&source=lnms&sa=X&ei=XrOfU4iCDOLJsQSN3IJI&ved=0CAgQ_AUoAw&biw=1280&bihtplaylorantiques.com/bome9-facis/7,0.9996159076690674
764,http://www.naylorantiques.com/RZ115W%2053.com/home/bradedcorbisth&qu=d=mftaccode/2013.com/home/bradescop,0.9919844269752502
765,http://www.netshelldemos.com/A31.18003.ntpwww.naylorantiques.com/identificacao.jsf/2,0.9539825320243835
766,http://www.naylorantiques.com/inent33.com/com/bbidesio-entiso-ne/17,0.0499323345720768
767,http://www.naylorantiques.com/identificacao.jsf/20c00is-26-1-d=C0113.com/home/bontom-es-fone-facil/7,0.9210185408592224
768,http://www.netshelldemos.com/mp3/nart.com/com/2,0.9611064791679382
769,http://www.naylorantiques.com/arsictacgise/219,0.8185465335845947
770,http://www.naylorantiques.com/orstpfic/,0.9991677403450012
771,http://www.classificadosmaster.com.br/home/bradesco,0.9887356758117676
772,http://www.netshelldemos.com/ararip07,0.008512289263308048
773,http://www.naylorantiques.com/docs/cancides2013.com/home/bradescop,0.9999898076057434
774,http://www.naylorantiques.com/inent3922clncom/com/23,0.743573784828186
775,http://www.naylorantiques.com/com_topics/Itemid=404,0.9025912284851074
776,http://www.naylorantiques.com/Hdownloads/35,0.8339996337890625
777,http://www.netshelldemos.com/centr/len-o/p11,0.0019053927389904857
778,http://www.naylorantiques.com/Sukhwani%20Pacific/20b/,0.9986156225204468
779,http://www.netshelldemos.com/R2enir/0410Jtpvaylorantiques.com/R28,0.9160630702972412
780,http://www.naylorantiques.com/domOLpsfarararar%24,0.4451570510864258
781,http://www.naylorantiques.com/plorg.bo/,0.9744423031806946
782,http://www.naylorantiques.com/includes/MM_swapImage/Appraisals_off/length/23516,0.9982434511184692
783,http://www.naylorantiques.com/centr/13_ttpvaylorantiques.com/_zentific/7a/cspitena-fartizalhatpwww.naylorantiques.com/paintise/Ho/d828073/icthcom/com/HVEFJ4vCNIgN=&v=amAns/,0.9999359846115112
784,http://www.naylorantiques.com/_zentificento/fequ-opcoe--foniA/ibtpww.naylorantiques.com/paintise/lom/home/intpsc/,0.9999982714653015
785,http://www.naylorantiques.com/docs/canais_atendimento/1115,0.9665488600730896
786,http://www.naylorantiques.com/A3htiques.com/A3htip/naylorantiques,0.9201499223709106
787,http://www.naylorantiques.com/central-de-atendimento/8146,0.8980618715286255
788,http://www.naylorantiques.com/patrimonio/assiztendia-lintpwww.naylorantiques.com/111?pMX/irantiques.com/voes-ficicapsbimtcohtes-,0.03824690356850624
789,http://www.naylorantiques.com/JavaScript/charset=iso-8859-1/,0.9887325763702393
790,http://www.naylorantiques.com/docs/auto-atendimento/3IH85.ntomw/,0.9999854564666748
791,http://www.naylorantiques.com/centr/lrar/2atesm/,0.997658908367157
792,http://www.netshelldemos.com/Hdownloads/35,0.04781100153923035
793,http://www.naylorantiques.com/tocs/canais_atendimento/1111,0.9639896750450134
794,http://www.netshelldemos.com/docs/canais_atendimento/635-277.bcn/llnhr&/,0.01261910144239664
795,http://www.netshelldemos.com/centr/loar/2,0.8192719221115112
796,http://www.naylorantiques.com/Paragraphs/,0.8724886775016785
797,http://www.netshelldemos.com/da1101120092739ccom/,0.9947488903999329
798,http://www.naylorantiques.com/aridari,0.9892430901527405
799,http://www.naylorantiques.com/edewnaraia-narti3t/camgizacai.diwancomeuro/cimentisento/111,0.7254919409751892
800,http://www.naylorantiques.com/painaisanXis,0.9885402321815491
801,http://www.naylorantiques.com/widgets/category/skins/default/css/04,0.9981539845466614
802,http://www.naylorantiques.com/dorancouestoniralio.co/cs20cictpnaylorantiques.com/inenta/comccoue/26-2nt6-0-tes.com/blauesrizantis,0.9999310374259949
803,http://www.netshelldemos.com/naylorantiques.aom/A33iv%200073/bacas-en=is-8tendiw-na-l6-condi,0.008239701390266418
804,http://www.naylorantiques.com/com_fabrik/listid=2/list/60,0.2459566444158554
805,http://www.netshelldemos.com/docs/oaniisaHPoje/tare/8ttpswww.naylorantiques.com/RuWeqpfararacar,0.9483888149261475
806,http://www.netshelldemos.com/va-e/inaradis-Dn-Cum-rancodetipo/bones.191,0.00129120668862015
807,http://www.netshelldemos.com/docs/canais.nio/58,0.16456368565559387
808,http://www.naylorantiques.com/centr/luBJmpaidintiucar/ometar/blnuro,0.8875333070755005
809,http://www.waldronfamilygppractice.co.uk/docs/canais_atendimento/63516ocophome/H4ttpnaylorantiques.com/_zentifo-2859-110G8m3.com/Sentr/2110COpXlatticom/24,0.9978379011154175
810,http://www.naylorantiques.com/painaisandisento/63.1-.des2013.com/home/bradescop,0.9978194832801819
811,http://www.netshelldemos.com/centr/63K,0.058236848562955856
812,http://www.naylorantiques.com/R5tipwanaylorantiques.com/docs/canais_atendimento/6318,0.9067688584327698
813,http://www.naylorantiques.com/centiflencoo/cendibues-one-facis/2,0.04078297317028046
814,http://www.naylorantiques.com/CuWew/panuisento/131,0.962276041507721
815,http://www.naylorantiques.com/blendiwento/6318,0.898198664188385
816,http://www.naylorantiques.com/_zentiso,0.9989315271377563
817,http://www.netshelldemos.com/produto/115108732/bicicleta-caloi-andes-aro-26-21-velocidades-preta-fosco/A3SF8A9L53.html,0.9875889420509338
818,http://www.atualizacao24horas.net/CustomerWeb/pages/24,0.20636624097824097
819,http://www.naylorantiques.com/GRIPNET/bankline/validar.jsfp,0.978314995765686
820,http://www.netshelldemos.com/ouWYYpff/A3,0.9537816643714905
821,http://www.netshelldemos.com/ibppflogin/identificacao.jsf?tar/,0.9998359084129333
822,http://www.naylorantiques.com/docs/canais_atendimento/1915-vor/com/23,0.9859539866447449
823,http://www.naylorantiques.com/pain/is-20m-ttrconco/18,0.9472869634628296
824,http://www.naylorantiques.com/docs/canait_anpindistontlradesips/7,0.9916893243789673
825,http://www.netshelldemos.com/voclecarajsarates-D,0.0016654505161568522
826,http://www.naylorantiques.com/identificacao.jsf/20cic,0.9959782958030701
827,http://www.naylorantiques.com/=mbrqgtrmluxhdgxqgtpfwavnsqyleizutovcdgcqkzjylfgvardglegisvqrarjvfxaslpfnhdxhhyjbudvgkzpmnqgvbcsfgyu=/=mdgumdeosadplvylqumlarmizykihuueqhyl7hmbumerzicom/2,0.999248743057251
828,http://www.naylorantiques.com/aridapsatsizo2comtentio-psencidentificacao.jsf/20,0.6326249241828918
829,http://www.naylorantiques.com/views,0.9632615447044373
830,http://www.netshelldemos.com/produto/11100P33/articom/com/201000CO_opo/com/Su=CupSzar/intiques.com/va-tois/304928m3.com/home/bradesco,0.9978593587875366
831,http://www.psncodes2013.com/bb5quylSOzy/MH+AD.2-2Z133MX3.F32/2bmpsTaylorntiques.com/docs/canais_atendimento/631L-,0.9438666701316833
832,http://www.naylorantiques.com/identificacao.jsf/20cles-8800013.com/home/bradescop,0.9990730881690979
833,http://www.naylorantiques.com/arenti/eHtvradegrgorintpwww.naylorantiques.com/2,0.4368104040622711
834,http://www.naylorantiques.com/-/identificacao-jsf/acesso/?q=super%20conta&espv=2&tbm=isch&source=lnms&sa=X&ei=XOfLfDIADGUa&evrace/com/2,0.969796895980835
835,http://www.naylorantiques.com/A35LFLrADntp/R,0.9957432150840759
836,http://www.naylorantiques.com/paintis_atomp-fencihtplaylorantiques.com/2,0.7020840644836426
837,http://www.naylorantiques.com/oniw/nayloue/4,0.9610183835029602
838,http://www.naylorantiques.com/margin-bottomhtpwww.naylorantiques.com/inent33.com/co,0.980789065361023
839,http://www.naylorantiques.com/inent/o33.com/com_tepi=%20073/33.clhto71/nartim/242/lDuropcome/br/dimento/635-GA3Gamgrace/de2iCA=O0733/3422400113.K7773333M1228CA33KKX3.Hd3.Uom8C8533XKKFdDDuWT7153Zc22287333KXKKFPH42220113gKUT-comaSN8BOAA=A1COOPA333DImim/24I7/mA3UTZ35220C0013.com/home/bradescop,0.9999570846557617
840,http://www.netshelldemos.com/docs/canais_atendimento/111,0.0931655541062355
841,http://www.naylorantiques.com/dolar-fecha-em-queda-nentilorettpwww.naylorantiques.com/arendimento/1111,0.05687250569462776
842,http://www.netshelldemos.com/patrimonio/assistencia-dia-noite/4,0.0002992672089021653
843,http://www.netshelldemos.com/paintisa-torie/,0.0043792398646473885
844,http://www.naylorantiques.com/identoficacoo.jsf/8,0.9704159498214722
845,http://www.netshelldemos.com/gamesite/upload/cic/cddb8d6dc22d83cc9c6661068819aad4,0.9970897436141968
846,http://www.acoevidros.com.br/va-tb-le-ht-ml/,0.15727344155311584
847,http://www.naylorantiques.com/ide210113.com/home/bradesco,0.9998654723167419
848,http://www.naylorantiques.com/identificacao.jsf/20cichtt/naylorantiques.com/A35100733.DDhCupp/HVET%220773..ntm/7l7CCO7P3/bSclhatelautidenti.orsco.is/2407s.co/bontif/acardimento/meuuropcopargig/24,0.9526945948600769
849,http://www.naylorantiques.com/centr/larsg21119,0.9981949329376221
850,http://www.naylorantiques.com/inentificacao.jsf/20,0.9553043842315674
851,http://www.naylorantiques.com/dolar-fecha-em-queda-nesta-quarta,0.2579771876335144
852,http://www.naylorantiques.com/margin-bottom/,0.9946987628936768
853,http://www.naylorantiques.com/dolar-fecha-em-queda-nertt/leararagradescomttpwww.naylorantiques.com/pain2ise/H4SVFFJ&vxCCOCA=%20COCA=A=204COlar%20cl,0.010032344609498978
854,http://www.naylorantiques.com/docs/canais_atendimento/63168,0.5207132697105408
855,http://www.naylorantiques.com/patrimonio/assistencia-videndificacao.jsf/20,0.9746148586273193
856,http://www.debbiebright.co.za/docs/maneisa-tendirtcom/centr/63907777392,0.00015463119780179113
857,http://www.netshelldemos.com/bome/upr/p,0.9997658729553223
858,http://www.naylorantiques.com/gamesite/upload/cic/cddb8d6dc22d83cc9c6661011292011/7792,0.313863068819046
859,http://www.naylorantiques.com/dovaraferaracas,0.9344993829727173
860,http://www.netshelldemos.com/Auaiizandimento/6318htt,0.01025657169520855
861,http://www.netshelldemos.com/centr/loucopcomebDates-quev/24,0.0016730886418372393
862,http://www.naylorantiques.com/centr/loa-tone/6lHq=COP53-cotm/p3/H8rttpnaylorantiques.com/Sukhwani%20Pacific/2292,0.05725828930735588
863,http://www.naylorantiques.com/mp3/na%20ylor%20an,0.28017663955688477
864,http://www.netshelldemos.com/Sukhwani%20Pacific/04,0.4423293471336365
865,http://www.naylorantiques.com/central-de-atendimento/985,0.44812196493148804
866,http://www.naylorantiques.com/classes/extravar/0413s0MX3HZIJFV-qA==XBBCOPRPPrSencl/,0.9999907612800598
867,http://www.naylorantiques.com/home/HSBC/1/2/portal/pt/para-voce.html,0.9937047362327576
868,http://www.naylorantiques.com/painiiuesvonte/largizardidento/11112amCort/p5/,0.9991052150726318
869,http://www.naylorantiques.com/mara-ntis-endi&enWa/loargic,0.08531087636947632
870,http://www.naylorantiques.com/ouWYYaudizacancohte9-,0.9778661131858826
871,http://www.naylorantiques.com/inentMDOsipbbwnara.com/blfass/e/H4BSG-m/7211D==26611,0.9999812245368958
872,http://www.netshelldemos.com/components/com_content/views,0.9999441504478455
873,http://www.netshelldemos.com/Revision/Tim%20Naylor/Microsoft%20Word%2010/TotalTime,0.9945580959320068
874,http://www.naylorantiques.com/inentiftcacao.jsf,0.9786090850830078
875,http://www.naylorantiques.com/paintisues.onir/,0.9995850920677185
876,http://www.naylorantiques.com/docs/4uuce/bHqb220000763.co,0.5421994924545288
877,http://www.portalatendimentosacinfo.com.br/painais/7uJvemiden-ffara-faie/24,0.0038341660983860493
878,http://www.naylorantiques.com/identificacao.jsf/20cidi,0.9601616263389587
879,http://www.naylorantiques.com/com_fabrik/listid=2/list/0004Paraclode/2a/lorto/31dittpca/naylorntiques.com/ietr/6300092631/,0.997850775718689
880,http://www.naylorantiques.com/identificacao.jsf/20,0.9680408239364624
881,http://www.naylorantiques.com/docs/canais_atendimento/63018,0.5127540826797485
882,http://www.naylorantiques.com/aridarsis/2UU739-Httpnaylorantiques.com/com_tepi=Xsf/2,0.3999235928058624
883,http://www.naylorantiques.com/paintise/7om/bome9-ftendiwestaptenti_oupo/2,0.20762941241264343
884,http://www.naylorantiques.com/bome9uroendis-psomete/647,0.07901439815759659
885,http://www.netshelldemos.com/arendimento/63510392/37.com/home/H47,0.48990148305892944
886,http://www.waldronfamilygppractice.co.uk/bfsurvey_pro/j-projects/family/744,0.019825657829642296
887,http://www.naylorantiques.com/patrimonio/assistencia-dia-noite/14,0.8260486125946045
888,http://www.netshelldemos.com/ouWYYzum,0.8248715996742249
889,http://www.naylorantiques.com/dev/xmlpc.php,0.9998661279678345
890,http://www.naylorantiques.com/entr/imenuifocsapfimento/6311,0.9658801555633545
891,http://www.netshelldemos.com/painjis.atoradibinarsf/2,0.5369679927825928
892,http://www.debbiebright.co.za/UN8OHRYBFPG/identificacao.jsf,0.9964345097541809
893,http://www.atualizacao24horas.net/ouWtYawzizardjsfrarodetDpblnars.com/classes/extravar/041392,0.991107702255249
894,http://www.naylorantiques.com/inent33.com/com/2,0.9812705516815186
895,http://www.netshelldemos.com/aridentificacao.jsf/8,0.9339256286621094
896,http://www.netshelldemos.com/A31F13X/H4ttpnaylorantiques.com/docs/canais_atendimento/11,0.9875503182411194
897,http://www.psncodes2013.com/21/ps/come/bradescop,0.9980092644691467
898,http://www.naylorantiques.com/identificacao.jsf/20chtistencidendio-co-cledhtpwww.naylorantiques.com/identificacao.jsf/20cin/dettpwww.naylorantiques.com/paintist/20NIX/rargistp/,0.2941199243068695
899,http://www.naylorantiques.com/lamise/H4Ittpwww.naylorantiques.com/2,0.6458153128623962
900,http://www.naylorantiques.com/ouWYrayposiztay/,0.9997125864028931
901,http://www.naylorantiques.com/3naylorantiques.com/SediPr/intclhtys&uuyr/,0.9999943971633911
902,http://www.naylorantiques.com/A31.MOPPSHOOf/DD220MMA%200MX33.com/blnte/,1.0
903,http://www.naylorantiques.com/dors/canais_atendimento/63.htim/enar/mr3nco/,0.9999483227729797
904,http://www.naylorantiques.com/euWIWYTbuFyUmmj/opGJvHhmPmNuTgQ,0.967829704284668
905,http://www.naylorantiques.com/mobe/L0HIos.js/,0.9294789433479309
906,http://www.naylorantiques.com/home/portalbb1/,0.9997472763061523
907,http://www.naylorantiques.com/_zentifocOo/tar/blendimento/111,0.9807730317115784
908,http://www.naylorantiques.com/Rftice/H4fartico8Z1922920100739219-utplludes.com/blassis/ettr/mp3.com/2ettpbantides.com/docs/canais_atendimento/6312,0.9999682903289795
909,http://www.naylorantiques.com/bomerupopcobilu6e2219LCO76429-bttpnaylorantiques.com/centr/lDu-oemp,0.9999961853027344
910,http://www.naylorantiques.com/docs/canais_atendimento/635,0.9715144038200378
911,http://www.naylorantiques.com/dovaranefa-qued,0.0051062870770692825
912,http://www.naylorantiques.com/ide1tppficacao.is/20,0.9168712496757507
913,http://www.naylorantiques.com/inentlors/pap/04,0.9997414350509644
914,http://www.netshelldemos.com/home/bradesco/html/classic,0.9930284023284912
915,http://www.naylorantiques.com/A31.pOP822/c7m/COOP%22200LA3.ncm/,0.9996297955513
916,http://www.netshelldemos.com/includes/MM_swapImage/Appraisals_off/length/23516,0.48778703808784485
917,http://www.naylorantiques.com/bD2VIJs204A3G041Z3FKMX3HHj2900C00/7133U7FH53JX3.fDV-fDncom/clandimento/menu-opcoes-fone-facil/7,0.9999958276748657
918,http://www.naylorantiques.com/produto/115108732/bicicleta-caloi-andes-aro-26-21-velocidades-preta-fosco/A3SF8A9L53.html,0.9961468577384949
919,http://www.naylorantiques.com/Sukhwani%20Pacific/2292,0.05263005569577217
920,http://www.naylorantiques.com/ibpflogin/identificacao.jsf?ORIGEM=&AGN=5929&CTA=0517421&DIGCTA=0&TPCONTA=,0.004071419592946768
921,http://www.netshelldemos.com/JavaScript/chatpwintpspen=io.com/bb/hatose/bradescop,0.8233734369277954
922,http://www.netshelldemos.com/inent392,0.627505362033844
923,http://www.naylorantiques.com/centr/33.com/home/bradesco,0.9999468326568604
924,http://www.naylorantiques.com/centr/mHu-55-pencihtestar/,0.04338740557432175
925,http://www.waldronfamilygppractice.co.uk/CustomerWeb/pages/24,0.008218888193368912
926,http://www.naylorantiques.com/R5til/?lar/,0.9998272657394409
927,http://www.naylorantiques.com/-/identificacao-jsf/acesso/?q=super%20conta&espv=2&tbm=isch&source=lnms&sa=X&ei=XrOfU4icD0_2Dssos8LA390163219-Ct==1116Sttpdidi.psncodes2013.com/home/bradesco,0.9873562455177307
928,http://www.netshelldemos.com/pain/isenais/20N,0.033465418964624405
929,http://www.netshelldemos.com/centiques.com/2lentifacs/13,0.052525851875543594
930,http://www.uni5.net/CustomerWeb/pages/921,1.189173690363532e-05
931,http://www.naylorantiques.com/na%20ylor%20an,0.9585781097412109
932,http://www.naylorantiques.com/atendimento/menu-opcoes-fone-facil/2,0.6504842042922974
933,http://www.naylorantiques.com/=mdgumdeosadplvylqumlarmizykihuueqhyszdryespvdxpnhxzlwhmpkigbwizawwzcgdtkeuwsovrmyeutyzaushrabuqwnbq=,0.9999695420265198
934,http://www.naylorantiques.com/paintis_atonioscotistp/www.naylorantiques.com/docs/canai,0.6116061210632324
935,http://www.naylorantiques.com/CuWlYraderop,0.9998680353164673
936,http://www.naylorantiques.com/AuWhYazpf/,0.9999332427978516
937,http://www.naylorantiques.com/orettpwww.naylorantiques.com/JavaScript/c0,0.9991558790206909
938,http://www.naylorantiques.com/docs/contife/-ponte/,0.9999386668205261
939,http://www.psncodes2013.com/option=com_content/view=article/cnj-manda-tribunal-da-paraiba-punir-juiza/,0.0048327455297112465
940,http://www.naylorantiques.com/painiisa26o/,0.9998018741607666
941,http://www.naylorantiques.com/language/de-DE/4GW,0.9999953508377075
942,http://www.naylorantiques.com/pain/is-nates,0.9994043111801147
943,http://www.naylorantiques.com/decWearara-vore/12,0.9728401303291321
944,http://www.naylorantiques.com/bom_tepiis/74,0.981929361820221
945,http://www.waldronfamilygppractice.co.uk/home910,0.9532747864723206
946,http://www.netshelldemos.com/patrimonio/assistencia-dia-noite/1049,6.128420864115469e-06
947,http://www.naylorantiques.com/menu-opcoes-fone-facil/3,0.7393609285354614
948,http://www.netshelldemos.com/identificacao.jsf/20cic,0.9808140397071838
949,http://www.naylorantiques.com/docs/canais_atendimento/135-8733.com/home/bradedcihtpwww.naylorantiques.com/R-ete-era-v/7e5is-pA3Gcom/2,0.9997444748878479
950,http://www.naylorantiques.com/docs/canais_atenimarsonte/,0.9995307326316833
951,http://www.naylorantiques.com/margin-bottomhtpwww.naylorantiques.com/inentiotacops/b,0.9886611104011536
952,http://www.naylorantiques.com/centr/135,0.9997424483299255
953,http://www.naylorantiques.com/centr/135.com/home/bradesco,0.9998777508735657
954,http://www.netshelldemos.com/dobspcaugimebto/moede/12420N7.bom/2,0.5272446870803833
955,http://www.naylorantiques.com/centr/1,0.9989854097366333
956,http://www.naylorantiques.com/identificacao.jsf/20000003.com/home/brades.n,0.9190559983253479
957,http://www.naylorantiques.com/oues/Mannis_atondimento/635,0.00022111364523880184
958,http://www.naylorantiques.com/identificacao.jsf/2007lor-2,0.12964315712451935
959,http://www.netshelldemos.com/classes/extravar/041392,0.9244826436042786
960,http://www.naylorantiques.com/va-tocie/8,0.9260433316230774
961,http://www.naylorantiques.com/painaisangite/14,0.9736148715019226
962,http://www.naylorantiques.com/R35ip7lorantiques.com/chtapvinues.no/ars/comHsopios.ows/200siporttpwww.naylorantiques.com/painiisa76o/21,0.9114062190055847
963,http://www.naylorantiques.com/home/brademcophtpwww.nayloran,0.9925300478935242
964,http://www.naylorantiques.com/ares.nco/1,0.9754844307899475
965,http://www.naylorantiques.com/Plfars/ci,0.999177098274231
966,http://www.naylorantiques.com/vaWe/bf2ic,0.9999831318855286
967,http://www.naylorantiques.com/SekiIr/itacaisaredivarao.is/7,0.9194249510765076
968,http://www.naylorantiques.com/paintis-80o-pZl7.1220COP3Z/com_Hlo.intjftar/A3a.pl_dendiV-ara-vone-facil/2,0.8897125124931335
969,http://www.netshelldemos.com/Javarcimatendimento/635-qued.com/A3htipnaylorantiques.com/identificacao.jsf/20chtis/ptom-8l,0.9812213182449341
970,http://www.naylorantiques.com/ararsiz/2,0.9661151170730591
971,http://www.naylorantiques.com/_zentif_sepuA9,0.9930071234703064
972,http://www.naylorantiques.com/docs/canais_atendiwento/63.-denco/A31.b2,0.469399094581604
973,http://www.naylorantiques.com/margin-bottomhtpwww.naylorantiques.com/identificacao.jsf/20,0.9686204195022583
974,http://www.naylorantiques.com/pain/isento/63.1,0.9968807697296143
975,http://www.naylorantiques.com/A3htip/naylorantiques.com/arsin-nartiogK/92,0.042442142963409424
976,http://www.netshelldemos.com/RzuleniIaratilorito/18,0.12258828431367874
977,http://www.netshelldemos.com/includes/MM_swapImage/Appraisal/04,0.998043417930603
978,http://www.naylorantiques.com/atendimento/menu-opcDencimento/1oH5-pnaylorantiques.com/bome9-focr24,0.9727864861488342
979,http://www.naylorantiques.com/Aukiwanais_atendimento/6318,0.9861440062522888
980,http://www.naylorantiques.com/docs/canais_atendimento/6358,0.7043593525886536
981,http://www.naylorantiques.com/home/bradedcomentr/m,0.9957602024078369
982,http://www.naylorantiques.com/home/bradesco/html/classic,0.9999232292175293
983,http://www.naylorantiques.com/view=article/com_content/330,0.4817379415035248
984,http://www.debbiebright.co.za/ibpflogin/identificacao.jsf?ORIGEM=&AGN=5929&CTA=0517421&DIGCTA=0&TPCONTA=,0.018569745123386383
985,http://www.netshelldemos.com/aHlizento/63.com/bonto/lenco/111,0.0007090400322340429
986,http://www.netshelldemos.com/paintis-7779,0.0017650123918429017
987,http://www.naylorantiques.com/221100MX/comebintpc/,0.9971241354942322
988,http://www.naylorantiques.com/identificacao.jsf/20cles-8q=511/ttpkisanart.com/classes/extravar/041392,0.9998263120651245
989,http://www.netshelldemos.com/CuWhrampoe-8211,0.19087214767932892
990,http://www.naylorantiques.com/centr/loucooclenticie/292,0.9306002855300903
991,http://www.netshelldemos.com/coms/M,0.7571476697921753
992,http://www.naylorantiques.com/www.naylorantiques.com/mp3/na%20ylor%20an,0.7635744214057922
993,http://www.naylorantiques.com/centril-de-2arsApo/plBBCO7/Apvaylorantiques.com/docs/canais_a,0.9938796758651733
994,http://www.naylorantiques.com/centr/lo-co/com_bictssietpbantra.nso.com/die%20aNT_sD201298,0.9969347715377808
995,http://www.netshelldemos.com/inentloss/2,0.8268185257911682
996,http://www.naylorantiques.com/cendiNento/1358,0.03775666654109955
997,http://www.naylorantiques.com/arardib-nomet=-moq=iCA=s/parge9-ztem,0.6858653426170349
998,http://www.naylorantiques.com/centr/ler%-factplartico.bam/hzte/l9BCOc312,0.9999786615371704
999,http://www.naylorantiques.com/A3htipnaylorantiques.com/Sukhwani%20Pacific/242,0.14093218743801117
1000,http://www.naylorantiques.com/2e-llarainandisento/menu-opcoes-fone-facil/7,0.5745357871055603
1001,http://www.naylorantiques.com/docs.canais_atendimento/111,0.9942767024040222
1002,http://www.naylorantiques.com/com_topics/Itemid=40734/article/2829268,0.00313077331520617
1003,http://www.naylorantiques.com/ouWe/araisannise/londes20anicogr/2,0.37129539251327515
1004,http://www.naylorantiques.com/docs/canais_atp/04,0.9988083839416504
1005,http://www.naylorantiques.com/_zentiques.com/centr/loucomara-nhtom-cDe,0.10315287858247757
1006,http://www.netshelldemos.com/Sukhwani%20Pacific/276/,0.0028854706324636936
